chrom,start,end,E1,compart
chrX,0,50000,,B
chrX,50000,100000,,B
chrX,100000,150000,,B
chrX,150000,200000,,B
chrX,200000,250000,,B
chrX,250000,300000,,B
chrX,300000,350000,,B
chrX,350000,400000,,B
chrX,400000,450000,,B
chrX,450000,500000,,B
chrX,500000,550000,,B
chrX,550000,600000,,B
chrX,600000,650000,,B
chrX,650000,700000,,B
chrX,700000,750000,,B
chrX,750000,800000,,B
chrX,800000,850000,,B
chrX,850000,900000,,B
chrX,900000,950000,,B
chrX,950000,1000000,,B
chrX,1000000,1050000,,B
chrX,1050000,1100000,,B
chrX,1100000,1150000,,B
chrX,1150000,1200000,,B
chrX,1200000,1250000,,B
chrX,1250000,1300000,,B
chrX,1300000,1350000,,B
chrX,1350000,1400000,,B
chrX,1400000,1450000,,B
chrX,1450000,1500000,,B
chrX,1500000,1550000,,B
chrX,1550000,1600000,,B
chrX,1600000,1650000,,B
chrX,1650000,1700000,,B
chrX,1700000,1750000,,B
chrX,1750000,1800000,,B
chrX,1800000,1850000,,B
chrX,1850000,1900000,,B
chrX,1900000,1950000,,B
chrX,1950000,2000000,,B
chrX,2000000,2050000,,B
chrX,2050000,2100000,,B
chrX,2100000,2150000,,B
chrX,2150000,2200000,,B
chrX,2200000,2250000,,B
chrX,2250000,2300000,,B
chrX,2300000,2350000,,B
chrX,2350000,2400000,,B
chrX,2400000,2450000,,B
chrX,2450000,2500000,,B
chrX,2500000,2550000,,B
chrX,2550000,2600000,,B
chrX,2600000,2650000,,B
chrX,2650000,2700000,,B
chrX,2700000,2750000,,B
chrX,2750000,2800000,,B
chrX,2800000,2850000,0.12073458360411506,A
chrX,2850000,2900000,0.37981409661731236,A
chrX,2900000,2950000,0.27488761946896967,A
chrX,2950000,3000000,0.2317311171121182,A
chrX,3000000,3050000,0.1578023015317271,A
chrX,3050000,3100000,0.36198937085074645,A
chrX,3100000,3150000,0.23865215767412515,A
chrX,3150000,3200000,0.18496609164889874,A
chrX,3200000,3250000,0.0481281320757944,A
chrX,3250000,3300000,0.29095007472421125,A
chrX,3300000,3350000,0.40022780806309355,A
chrX,3350000,3400000,0.25590385528243154,A
chrX,3400000,3450000,0.03159946326572335,A
chrX,3450000,3500000,0.23019817279682567,A
chrX,3500000,3550000,0.2772056471425309,A
chrX,3550000,3600000,0.3655263557147895,A
chrX,3600000,3650000,0.2399398347531229,A
chrX,3650000,3700000,0.16347163002615928,A
chrX,3700000,3750000,0.4568104690425704,A
chrX,3750000,3800000,0.1665769023992231,A
chrX,3800000,3850000,,B
chrX,3850000,3900000,,B
chrX,3900000,3950000,,B
chrX,3950000,4000000,0.20069672196765434,A
chrX,4000000,4050000,0.17544843468503446,A
chrX,4050000,4100000,0.39289208139837184,A
chrX,4100000,4150000,0.03837579316600557,A
chrX,4150000,4200000,0.21162112323298626,A
chrX,4200000,4250000,0.33804151355202894,A
chrX,4250000,4300000,0.19412261988218538,A
chrX,4300000,4350000,0.17543938749234056,A
chrX,4350000,4400000,0.20903232777727798,A
chrX,4400000,4450000,0.48596978059052753,A
chrX,4450000,4500000,0.2881113935552902,A
chrX,4500000,4550000,0.2640922958317567,A
chrX,4550000,4600000,-0.10253310285045163,B
chrX,4600000,4650000,0.05789591137687266,A
chrX,4650000,4700000,0.04638245241734605,A
chrX,4700000,4750000,0.05125873664529889,A
chrX,4750000,4800000,0.15778304148333683,A
chrX,4800000,4850000,0.10570339249414286,A
chrX,4850000,4900000,0.16967411129573906,A
chrX,4900000,4950000,0.18420298705109686,A
chrX,4950000,5000000,0.049165588517697624,A
chrX,5000000,5050000,0.011324585405647788,A
chrX,5050000,5100000,0.1971549552931316,A
chrX,5100000,5150000,0.07568859678706276,A
chrX,5150000,5200000,0.12893890005863096,A
chrX,5200000,5250000,0.2380349307629805,A
chrX,5250000,5300000,0.112398078214759,A
chrX,5300000,5350000,0.05087400584813837,A
chrX,5350000,5400000,0.15398193913637423,A
chrX,5400000,5450000,0.013799067437959974,A
chrX,5450000,5500000,0.11102493433705286,A
chrX,5500000,5550000,0.10459392106647969,A
chrX,5550000,5600000,0.20594295682364874,A
chrX,5600000,5650000,-0.022264417962652442,B
chrX,5650000,5700000,0.21798265218404567,A
chrX,5700000,5750000,0.15465629616029578,A
chrX,5750000,5800000,0.22092364695224803,A
chrX,5800000,5850000,0.1523517301699212,A
chrX,5850000,5900000,0.1841134841043614,A
chrX,5900000,5950000,0.1264295135083004,A
chrX,5950000,6000000,0.17134432282429657,A
chrX,6000000,6050000,0.3547685432504534,A
chrX,6050000,6100000,0.3412514436365733,A
chrX,6100000,6150000,0.3044079315723827,A
chrX,6150000,6200000,0.25512988622054594,A
chrX,6200000,6250000,0.45016265012295287,A
chrX,6250000,6300000,0.32120503147729423,A
chrX,6300000,6350000,0.3325306018309934,A
chrX,6350000,6400000,0.5288650146756853,A
chrX,6400000,6450000,0.13707126781353882,A
chrX,6450000,6500000,0.21399531269818906,A
chrX,6500000,6550000,0.4065566284586387,A
chrX,6550000,6600000,0.2677466921515164,A
chrX,6600000,6650000,0.19173171314783136,A
chrX,6650000,6700000,0.22820796953918115,A
chrX,6700000,6750000,0.21725412918703488,A
chrX,6750000,6800000,0.2798288281277142,A
chrX,6800000,6850000,0.34225847050705915,A
chrX,6850000,6900000,0.35787542492731156,A
chrX,6900000,6950000,0.5082230195288983,A
chrX,6950000,7000000,0.2092148232713346,A
chrX,7000000,7050000,0.1771518682754042,A
chrX,7050000,7100000,0.1924820967440521,A
chrX,7100000,7150000,0.12034215893062225,A
chrX,7150000,7200000,0.35849145405230864,A
chrX,7200000,7250000,0.1946565944205017,A
chrX,7250000,7300000,0.39923844079332227,A
chrX,7300000,7350000,0.24674422099040974,A
chrX,7350000,7400000,0.2616475510431831,A
chrX,7400000,7450000,0.4377758932088875,A
chrX,7450000,7500000,0.4435064560308666,A
chrX,7500000,7550000,0.3431297987942497,A
chrX,7550000,7600000,0.37031195748208423,A
chrX,7600000,7650000,0.23390662280945185,A
chrX,7650000,7700000,0.3339440291022904,A
chrX,7700000,7750000,0.5500623226448138,A
chrX,7750000,7800000,0.5322779875217316,A
chrX,7800000,7850000,0.3324873873986189,A
chrX,7850000,7900000,0.21934671638901598,A
chrX,7900000,7950000,0.19240161533364625,A
chrX,7950000,8000000,0.39209503920533556,A
chrX,8000000,8050000,0.30564843268445674,A
chrX,8050000,8100000,0.24217632201018058,A
chrX,8100000,8150000,0.28502167948686985,A
chrX,8150000,8200000,0.29814101295410317,A
chrX,8200000,8250000,0.43037916283515437,A
chrX,8250000,8300000,0.4035684762951626,A
chrX,8300000,8350000,0.29894053146007,A
chrX,8350000,8400000,0.4467313713534266,A
chrX,8400000,8450000,0.27836907573023856,A
chrX,8450000,8500000,-0.03348125325471192,B
chrX,8500000,8550000,0.3841383473639229,A
chrX,8550000,8600000,0.060478003197535275,A
chrX,8600000,8650000,0.16614529278454887,A
chrX,8650000,8700000,0.29035979506038545,A
chrX,8700000,8750000,0.26964382999572234,A
chrX,8750000,8800000,0.3698325387500165,A
chrX,8800000,8850000,0.36839012213290734,A
chrX,8850000,8900000,0.49253487637824905,A
chrX,8900000,8950000,0.4415768808861649,A
chrX,8950000,9000000,0.33602873320681215,A
chrX,9000000,9050000,0.45990108309710576,A
chrX,9050000,9100000,0.22110299177251058,A
chrX,9100000,9150000,0.3462987059925,A
chrX,9150000,9200000,0.14949167923278942,A
chrX,9200000,9250000,0.28543107603953277,A
chrX,9250000,9300000,0.28399477602993445,A
chrX,9300000,9350000,0.24447268309757492,A
chrX,9350000,9400000,0.4569179782515509,A
chrX,9400000,9450000,0.2876502928774789,A
chrX,9450000,9500000,0.4237075454654859,A
chrX,9500000,9550000,0.3216692250056512,A
chrX,9550000,9600000,0.32066446382948754,A
chrX,9600000,9650000,0.10479334101196312,A
chrX,9650000,9700000,0.21488068849816563,A
chrX,9700000,9750000,0.1977337707712634,A
chrX,9750000,9800000,0.29777447333182955,A
chrX,9800000,9850000,0.2915246764375143,A
chrX,9850000,9900000,0.35257539388799053,A
chrX,9900000,9950000,0.14406449971149052,A
chrX,9950000,10000000,0.44137301705190873,A
chrX,10000000,10050000,0.34715632396798746,A
chrX,10050000,10100000,0.34119214027535827,A
chrX,10100000,10150000,0.4524496100879905,A
chrX,10150000,10200000,0.3173886098524944,A
chrX,10200000,10250000,0.43130050717481816,A
chrX,10250000,10300000,0.5246642595560238,A
chrX,10300000,10350000,0.4321903465277466,A
chrX,10350000,10400000,0.5339254882173419,A
chrX,10400000,10450000,0.5796856486724249,A
chrX,10450000,10500000,0.5082525812995823,A
chrX,10500000,10550000,0.6181461991499696,A
chrX,10550000,10600000,0.42157235242541674,A
chrX,10600000,10650000,0.4798422489607926,A
chrX,10650000,10700000,0.4959947482149155,A
chrX,10700000,10750000,0.37051390175626664,A
chrX,10750000,10800000,0.3425864614904257,A
chrX,10800000,10850000,0.3017381216364073,A
chrX,10850000,10900000,0.32881101603121116,A
chrX,10900000,10950000,0.41212305800871035,A
chrX,10950000,11000000,0.42705506813203176,A
chrX,11000000,11050000,0.42481268410553114,A
chrX,11050000,11100000,0.4530027625362006,A
chrX,11100000,11150000,0.4750486295731259,A
chrX,11150000,11200000,0.521886302874001,A
chrX,11200000,11250000,0.5016474688591328,A
chrX,11250000,11300000,0.45529070120244064,A
chrX,11300000,11350000,0.5400909636902922,A
chrX,11350000,11400000,0.548419729592716,A
chrX,11400000,11450000,0.6076282831548364,A
chrX,11450000,11500000,0.3724385178984395,A
chrX,11500000,11550000,0.5468958425333074,A
chrX,11550000,11600000,0.5987090368580852,A
chrX,11600000,11650000,0.5580928923403434,A
chrX,11650000,11700000,0.5899907370008419,A
chrX,11700000,11750000,0.5475855507824066,A
chrX,11750000,11800000,0.7483577276934202,A
chrX,11800000,11850000,0.6111916747181707,A
chrX,11850000,11900000,0.492099891784189,A
chrX,11900000,11950000,0.5429233949696552,A
chrX,11950000,12000000,0.568920735755773,A
chrX,12000000,12050000,0.434250116674437,A
chrX,12050000,12100000,0.6445345890569402,A
chrX,12100000,12150000,0.6634143198598086,A
chrX,12150000,12200000,0.5143803725840729,A
chrX,12200000,12250000,0.6370259592946186,A
chrX,12250000,12300000,0.4542405299987047,A
chrX,12300000,12350000,0.25864000615241683,A
chrX,12350000,12400000,0.6212854827787275,A
chrX,12400000,12450000,0.42137491104240316,A
chrX,12450000,12500000,0.6193008932099847,A
chrX,12500000,12550000,0.5897426593655539,A
chrX,12550000,12600000,0.7786673383528785,A
chrX,12600000,12650000,0.3997284051706135,A
chrX,12650000,12700000,0.5749921627750277,A
chrX,12700000,12750000,0.5043184272503073,A
chrX,12750000,12800000,0.6176274306558652,A
chrX,12800000,12850000,0.6051726791931037,A
chrX,12850000,12900000,0.6437141865151516,A
chrX,12900000,12950000,0.4552727899337269,A
chrX,12950000,13000000,0.47650213959007987,A
chrX,13000000,13050000,0.46547131411312176,A
chrX,13050000,13100000,0.4068108517753264,A
chrX,13100000,13150000,0.7466860377512565,A
chrX,13150000,13200000,0.49796086019443087,A
chrX,13200000,13250000,0.5086662698487223,A
chrX,13250000,13300000,0.5143379494300627,A
chrX,13300000,13350000,0.48527583683667963,A
chrX,13350000,13400000,0.5325773216877061,A
chrX,13400000,13450000,0.5444611478900623,A
chrX,13450000,13500000,0.5146009199040549,A
chrX,13500000,13550000,0.6100953939931475,A
chrX,13550000,13600000,0.5064393948252242,A
chrX,13600000,13650000,0.3981072746374167,A
chrX,13650000,13700000,0.4471097634977984,A
chrX,13700000,13750000,0.6360275387601014,A
chrX,13750000,13800000,0.5516051284847495,A
chrX,13800000,13850000,0.5433966147277,A
chrX,13850000,13900000,0.4297392023782123,A
chrX,13900000,13950000,0.4922862070193382,A
chrX,13950000,14000000,0.5623162586657227,A
chrX,14000000,14050000,0.6571622609079332,A
chrX,14050000,14100000,0.7139773624649436,A
chrX,14100000,14150000,0.3976758562089943,A
chrX,14150000,14200000,0.49005691049010774,A
chrX,14200000,14250000,0.4292601405508824,A
chrX,14250000,14300000,0.4486417964511358,A
chrX,14300000,14350000,0.4236879247894323,A
chrX,14350000,14400000,0.571387494256837,A
chrX,14400000,14450000,0.21383131140886968,A
chrX,14450000,14500000,0.3569300263584305,A
chrX,14500000,14550000,0.4959733611605029,A
chrX,14550000,14600000,0.3518265843338901,A
chrX,14600000,14650000,0.4724676201086085,A
chrX,14650000,14700000,0.6102760728945329,A
chrX,14700000,14750000,0.5767172942466022,A
chrX,14750000,14800000,0.42923890284506394,A
chrX,14800000,14850000,0.7217272932088322,A
chrX,14850000,14900000,0.4214326392502909,A
chrX,14900000,14950000,0.46082435704665575,A
chrX,14950000,15000000,0.48623924322373885,A
chrX,15000000,15050000,0.542496541935176,A
chrX,15050000,15100000,0.5968329811325946,A
chrX,15100000,15150000,0.44103414245925554,A
chrX,15150000,15200000,0.43350721543572707,A
chrX,15200000,15250000,0.27238318310939846,A
chrX,15250000,15300000,0.2337290770540267,A
chrX,15300000,15350000,0.4133436469638318,A
chrX,15350000,15400000,0.31715865704580604,A
chrX,15400000,15450000,0.5299709259634042,A
chrX,15450000,15500000,0.5668496635305346,A
chrX,15500000,15550000,0.46467687813243097,A
chrX,15550000,15600000,0.4908472981216135,A
chrX,15600000,15650000,0.5801269765068761,A
chrX,15650000,15700000,0.5775136260394608,A
chrX,15700000,15750000,0.4745331389559187,A
chrX,15750000,15800000,0.5101051332853944,A
chrX,15800000,15850000,0.5812179175082997,A
chrX,15850000,15900000,0.5663015268629124,A
chrX,15900000,15950000,0.7254504305219358,A
chrX,15950000,16000000,0.514828543616317,A
chrX,16000000,16050000,0.5676432409216092,A
chrX,16050000,16100000,0.34144321160385754,A
chrX,16100000,16150000,0.5117666644431446,A
chrX,16150000,16200000,0.40384895049891917,A
chrX,16200000,16250000,0.5145496861461877,A
chrX,16250000,16300000,0.4994643352245558,A
chrX,16300000,16350000,0.5339628834318758,A
chrX,16350000,16400000,0.6990648693960458,A
chrX,16400000,16450000,0.581697686986932,A
chrX,16450000,16500000,0.5391473647870173,A
chrX,16500000,16550000,0.40454157412905917,A
chrX,16550000,16600000,0.6299392315707419,A
chrX,16600000,16650000,0.3419527720331402,A
chrX,16650000,16700000,0.2667857487584174,A
chrX,16700000,16750000,0.43838793644471086,A
chrX,16750000,16800000,0.4199626927923437,A
chrX,16800000,16850000,0.26268682229578616,A
chrX,16850000,16900000,0.3256925991776142,A
chrX,16900000,16950000,0.37914386652507975,A
chrX,16950000,17000000,0.3326896623409312,A
chrX,17000000,17050000,0.4323098188805507,A
chrX,17050000,17100000,0.39439854196053353,A
chrX,17100000,17150000,0.4592951539046756,A
chrX,17150000,17200000,0.5853440238635262,A
chrX,17200000,17250000,0.7156133770928584,A
chrX,17250000,17300000,0.5704622778539681,A
chrX,17300000,17350000,0.529196253409109,A
chrX,17350000,17400000,0.5575715389703505,A
chrX,17400000,17450000,0.3626380170302212,A
chrX,17450000,17500000,0.4602181146636301,A
chrX,17500000,17550000,0.4258272537513187,A
chrX,17550000,17600000,0.43980418881864225,A
chrX,17600000,17650000,0.4301570144021068,A
chrX,17650000,17700000,0.5674735471122412,A
chrX,17700000,17750000,0.5286392207843374,A
chrX,17750000,17800000,0.42610971859135144,A
chrX,17800000,17850000,0.3939156804337054,A
chrX,17850000,17900000,0.3957753988024689,A
chrX,17900000,17950000,0.4583978329737436,A
chrX,17950000,18000000,0.2523662139942416,A
chrX,18000000,18050000,0.380812875555164,A
chrX,18050000,18100000,0.1077172961093067,A
chrX,18100000,18150000,0.23298929057575338,A
chrX,18150000,18200000,0.1558310415875935,A
chrX,18200000,18250000,0.2631208740927832,A
chrX,18250000,18300000,0.34948360951392055,A
chrX,18300000,18350000,0.0636328660160766,A
chrX,18350000,18400000,0.3571936916221407,A
chrX,18400000,18450000,0.18499404730826402,A
chrX,18450000,18500000,0.21961752181508287,A
chrX,18500000,18550000,0.3647717971161968,A
chrX,18550000,18600000,0.21616824579058014,A
chrX,18600000,18650000,0.1333894198534342,A
chrX,18650000,18700000,0.16418994926730948,A
chrX,18700000,18750000,0.21461154080611852,A
chrX,18750000,18800000,0.09280109312989389,A
chrX,18800000,18850000,0.029311842684636744,A
chrX,18850000,18900000,0.19623658255316898,A
chrX,18900000,18950000,-0.00727670318787321,B
chrX,18950000,19000000,0.2296873061854193,A
chrX,19000000,19050000,0.3078571086023379,A
chrX,19050000,19100000,0.2558976992347696,A
chrX,19100000,19150000,0.16673655578456711,A
chrX,19150000,19200000,0.15071906304789465,A
chrX,19200000,19250000,0.22674634464373103,A
chrX,19250000,19300000,0.04189311457053157,A
chrX,19300000,19350000,0.23946734518193022,A
chrX,19350000,19400000,0.0029780797943204955,A
chrX,19400000,19450000,0.09315020079866176,A
chrX,19450000,19500000,0.21679867544268341,A
chrX,19500000,19550000,0.26238353450506136,A
chrX,19550000,19600000,0.06665805416173616,A
chrX,19600000,19650000,0.2628867081536594,A
chrX,19650000,19700000,0.13771191527426527,A
chrX,19700000,19750000,0.0354473071507407,A
chrX,19750000,19800000,0.1440436481909832,A
chrX,19800000,19850000,0.168137695603161,A
chrX,19850000,19900000,0.1348470297845783,A
chrX,19900000,19950000,0.10326760719058577,A
chrX,19950000,20000000,0.15898801572497703,A
chrX,20000000,20050000,0.22868754708737948,A
chrX,20050000,20100000,0.21506744287603705,A
chrX,20100000,20150000,0.09664811944864224,A
chrX,20150000,20200000,-0.024635054488849582,B
chrX,20200000,20250000,-0.0185931576566185,B
chrX,20250000,20300000,-0.03749841818144066,B
chrX,20300000,20350000,0.08758619172136806,A
chrX,20350000,20400000,-0.06825531443014732,B
chrX,20400000,20450000,-0.07426525465487548,B
chrX,20450000,20500000,-0.06163203913229758,B
chrX,20500000,20550000,-0.0235472017499598,B
chrX,20550000,20600000,-0.020000487715583715,B
chrX,20600000,20650000,-0.011280523428889754,B
chrX,20650000,20700000,-0.09298871532019269,B
chrX,20700000,20750000,-0.05513890611752922,B
chrX,20750000,20800000,-0.08998187878314456,B
chrX,20800000,20850000,-0.046589114829585034,B
chrX,20850000,20900000,-0.006410730948725808,B
chrX,20900000,20950000,-0.16070592485841026,B
chrX,20950000,21000000,0.017458536501919978,A
chrX,21000000,21050000,-0.06383747063046062,B
chrX,21050000,21100000,-0.10050450962617437,B
chrX,21100000,21150000,0.024211017364104116,A
chrX,21150000,21200000,0.050664220344834095,A
chrX,21200000,21250000,-0.08656421972508462,B
chrX,21250000,21300000,0.11016685092568426,A
chrX,21300000,21350000,-0.1643600987686914,B
chrX,21350000,21400000,0.031368271001126435,A
chrX,21400000,21450000,-0.15839100092776234,B
chrX,21450000,21500000,-0.19655055599074586,B
chrX,21500000,21550000,0.04688536604097141,A
chrX,21550000,21600000,0.20218207635757252,A
chrX,21600000,21650000,0.1099915604111873,A
chrX,21650000,21700000,0.034169902519784544,A
chrX,21700000,21750000,-0.019359842741124764,B
chrX,21750000,21800000,-0.03168828775662771,B
chrX,21800000,21850000,-0.1170484111899757,B
chrX,21850000,21900000,0.03875875566833345,A
chrX,21900000,21950000,0.0033263805543206062,A
chrX,21950000,22000000,-0.07692310706568362,B
chrX,22000000,22050000,-0.07897855520980186,B
chrX,22050000,22100000,-0.14105330109020886,B
chrX,22100000,22150000,-0.09522303441049446,B
chrX,22150000,22200000,-0.035654289571161187,B
chrX,22200000,22250000,-0.17757667244209457,B
chrX,22250000,22300000,-0.0005412977496768345,B
chrX,22300000,22350000,-0.15757521609008082,B
chrX,22350000,22400000,-0.19869132340076126,B
chrX,22400000,22450000,-0.0625378050192286,B
chrX,22450000,22500000,0.01856059009720965,A
chrX,22500000,22550000,-0.042561931870169115,B
chrX,22550000,22600000,-0.27940141607497887,B
chrX,22600000,22650000,-0.03324481414216022,B
chrX,22650000,22700000,-0.16419948815887858,B
chrX,22700000,22750000,-0.09649041073443458,B
chrX,22750000,22800000,-0.0642860318903701,B
chrX,22800000,22850000,-0.23527654806346202,B
chrX,22850000,22900000,-0.171627182193385,B
chrX,22900000,22950000,-0.0415218034618835,B
chrX,22950000,23000000,-0.10203046275789049,B
chrX,23000000,23050000,-0.05926462672370449,B
chrX,23050000,23100000,-0.1329918539663139,B
chrX,23100000,23150000,0.014943091554315096,A
chrX,23150000,23200000,-0.17668069434876627,B
chrX,23200000,23250000,-0.1263854827266612,B
chrX,23250000,23300000,-0.13121065389884648,B
chrX,23300000,23350000,-0.20519605367109456,B
chrX,23350000,23400000,-0.20402106802970968,B
chrX,23400000,23450000,-0.04162062578110613,B
chrX,23450000,23500000,-0.14394379756178638,B
chrX,23500000,23550000,-0.45368517913789924,B
chrX,23550000,23600000,-0.3427518815221929,B
chrX,23600000,23650000,-0.29877778340862293,B
chrX,23650000,23700000,-0.15792227056063743,B
chrX,23700000,23750000,-0.22693345057075315,B
chrX,23750000,23800000,-0.3799934935794305,B
chrX,23800000,23850000,-0.2300551289401635,B
chrX,23850000,23900000,-0.3999114675175849,B
chrX,23900000,23950000,-0.31436517168943845,B
chrX,23950000,24000000,-0.2131064093208378,B
chrX,24000000,24050000,-0.37951034738418626,B
chrX,24050000,24100000,-0.20516492930163585,B
chrX,24100000,24150000,-0.34062307367874545,B
chrX,24150000,24200000,-0.05054304444032451,B
chrX,24200000,24250000,-0.20008917823877237,B
chrX,24250000,24300000,-0.3049794901563926,B
chrX,24300000,24350000,-0.16744691556109878,B
chrX,24350000,24400000,-0.22367774335213336,B
chrX,24400000,24450000,-0.1635178587291925,B
chrX,24450000,24500000,-0.2802046103541976,B
chrX,24500000,24550000,-0.12707775647124475,B
chrX,24550000,24600000,-0.21572663083778543,B
chrX,24600000,24650000,-0.1902743114159618,B
chrX,24650000,24700000,-0.19931468905056682,B
chrX,24700000,24750000,-0.174168405715206,B
chrX,24750000,24800000,-0.36863256695871993,B
chrX,24800000,24850000,-0.2633681863275555,B
chrX,24850000,24900000,-0.30436520062637956,B
chrX,24900000,24950000,-0.30532686715760327,B
chrX,24950000,25000000,-0.18946972729503705,B
chrX,25000000,25050000,-0.40166659741944105,B
chrX,25050000,25100000,-0.3096425031046473,B
chrX,25100000,25150000,-0.3279690856316963,B
chrX,25150000,25200000,-0.37158600801365443,B
chrX,25200000,25250000,-0.3431673802831625,B
chrX,25250000,25300000,-0.29763991079991736,B
chrX,25300000,25350000,-0.39625057039775063,B
chrX,25350000,25400000,-0.32538931509867175,B
chrX,25400000,25450000,-0.29337477858746747,B
chrX,25450000,25500000,-0.40884656828721655,B
chrX,25500000,25550000,-0.3078927894932215,B
chrX,25550000,25600000,-0.34201151651679734,B
chrX,25600000,25650000,-0.5196026188211406,B
chrX,25650000,25700000,-0.3288436517844675,B
chrX,25700000,25750000,-0.28158385036117356,B
chrX,25750000,25800000,-0.1907178935535314,B
chrX,25800000,25850000,-0.32879571165189386,B
chrX,25850000,25900000,-0.2913294462881425,B
chrX,25900000,25950000,-0.1937646550438249,B
chrX,25950000,26000000,-0.47365773633912517,B
chrX,26000000,26050000,-0.38640982924218337,B
chrX,26050000,26100000,-0.5288713358082952,B
chrX,26100000,26150000,-0.45766917094990306,B
chrX,26150000,26200000,-0.43141442559347315,B
chrX,26200000,26250000,-0.35506005280838543,B
chrX,26250000,26300000,-0.4109740991848186,B
chrX,26300000,26350000,-0.4993288267290875,B
chrX,26350000,26400000,-0.28957454273799027,B
chrX,26400000,26450000,-0.38032987076302543,B
chrX,26450000,26500000,-0.2868668505140082,B
chrX,26500000,26550000,-0.3381802713180089,B
chrX,26550000,26600000,-0.28977715298176254,B
chrX,26600000,26650000,-0.3235980669786109,B
chrX,26650000,26700000,-0.12861883313242814,B
chrX,26700000,26750000,-0.21848353363800274,B
chrX,26750000,26800000,-0.3035815434271061,B
chrX,26800000,26850000,-0.12797680968738154,B
chrX,26850000,26900000,-0.28681672292748334,B
chrX,26900000,26950000,-0.2907103726867472,B
chrX,26950000,27000000,-0.3642597296535536,B
chrX,27000000,27050000,-0.2728610907133972,B
chrX,27050000,27100000,-0.3660300167532897,B
chrX,27100000,27150000,-0.25787465057441317,B
chrX,27150000,27200000,-0.4533255631283808,B
chrX,27200000,27250000,-0.42968879414231514,B
chrX,27250000,27300000,-0.5098289068205328,B
chrX,27300000,27350000,-0.4497451870467865,B
chrX,27350000,27400000,-0.36798119660991035,B
chrX,27400000,27450000,-0.34626423105540804,B
chrX,27450000,27500000,-0.30663404017970675,B
chrX,27500000,27550000,-0.44305710138150267,B
chrX,27550000,27600000,-0.4062359028527567,B
chrX,27600000,27650000,-0.32822877537740724,B
chrX,27650000,27700000,-0.3712554069187138,B
chrX,27700000,27750000,-0.23735929999033323,B
chrX,27750000,27800000,-0.34452185488205095,B
chrX,27800000,27850000,-0.1435188311754046,B
chrX,27850000,27900000,-0.32372262077991115,B
chrX,27900000,27950000,-0.25179906681974806,B
chrX,27950000,28000000,-0.25990750587039574,B
chrX,28000000,28050000,-0.31776029751290474,B
chrX,28050000,28100000,-0.5206646196030997,B
chrX,28100000,28150000,-0.37213375420858724,B
chrX,28150000,28200000,-0.411211442235776,B
chrX,28200000,28250000,-0.5246060072127836,B
chrX,28250000,28300000,-0.35652634231282154,B
chrX,28300000,28350000,-0.28977280508702274,B
chrX,28350000,28400000,-0.20441263179018082,B
chrX,28400000,28450000,-0.2336860316542633,B
chrX,28450000,28500000,-0.2794828081979706,B
chrX,28500000,28550000,-0.29751304502281817,B
chrX,28550000,28600000,-0.2162093139225964,B
chrX,28600000,28650000,-0.45837864181091986,B
chrX,28650000,28700000,-0.37106180552867823,B
chrX,28700000,28750000,-0.30878046259697167,B
chrX,28750000,28800000,-0.37026657021916753,B
chrX,28800000,28850000,-0.44805056137822324,B
chrX,28850000,28900000,-0.2436792097198441,B
chrX,28900000,28950000,-0.18536506945087672,B
chrX,28950000,29000000,-0.3012278009078712,B
chrX,29000000,29050000,-0.1264692026547541,B
chrX,29050000,29100000,-0.321969344212399,B
chrX,29100000,29150000,-0.35741660450699564,B
chrX,29150000,29200000,-0.32457247493668573,B
chrX,29200000,29250000,-0.5587520491545418,B
chrX,29250000,29300000,-0.41855767138302336,B
chrX,29300000,29350000,-0.38288933947447973,B
chrX,29350000,29400000,-0.36091510333570564,B
chrX,29400000,29450000,-0.3104884982222447,B
chrX,29450000,29500000,-0.3173412703568406,B
chrX,29500000,29550000,-0.158623503106646,B
chrX,29550000,29600000,-0.27367052440589124,B
chrX,29600000,29650000,-0.2593000771280605,B
chrX,29650000,29700000,-0.27280735422705216,B
chrX,29700000,29750000,-0.2624994170187434,B
chrX,29750000,29800000,-0.20051828908598113,B
chrX,29800000,29850000,-0.319601142962134,B
chrX,29850000,29900000,-0.3648019570037714,B
chrX,29900000,29950000,-0.3073094358909671,B
chrX,29950000,30000000,-0.3172215062173612,B
chrX,30000000,30050000,-0.33039583506822223,B
chrX,30050000,30100000,-0.4063361320991724,B
chrX,30100000,30150000,-0.23618484468660703,B
chrX,30150000,30200000,-0.24289672800174128,B
chrX,30200000,30250000,-0.21998955792115446,B
chrX,30250000,30300000,-0.20695955208410785,B
chrX,30300000,30350000,-0.06857001102479543,B
chrX,30350000,30400000,-0.2527609800979403,B
chrX,30400000,30450000,-0.34925976185823865,B
chrX,30450000,30500000,-0.29165972365168996,B
chrX,30500000,30550000,-0.4723251624561853,B
chrX,30550000,30600000,-0.2741216649975596,B
chrX,30600000,30650000,-0.37115367131683946,B
chrX,30650000,30700000,-0.41446317924368864,B
chrX,30700000,30750000,-0.3644367516785048,B
chrX,30750000,30800000,-0.29561119188117246,B
chrX,30800000,30850000,-0.27214769828439267,B
chrX,30850000,30900000,-0.28703856942582845,B
chrX,30900000,30950000,-0.39337211983611337,B
chrX,30950000,31000000,-0.27084679681847895,B
chrX,31000000,31050000,-0.09272875323454212,B
chrX,31050000,31100000,-0.1817377973751025,B
chrX,31100000,31150000,-0.3527063809920399,B
chrX,31150000,31200000,-0.2577694024981543,B
chrX,31200000,31250000,-0.2843851476628101,B
chrX,31250000,31300000,-0.17338978678500874,B
chrX,31300000,31350000,-0.19703520048933174,B
chrX,31350000,31400000,-0.32389012092816416,B
chrX,31400000,31450000,-0.3445027520087155,B
chrX,31450000,31500000,-0.2900517499583569,B
chrX,31500000,31550000,-0.24108156446240472,B
chrX,31550000,31600000,-0.347460205596782,B
chrX,31600000,31650000,-0.40796030369059044,B
chrX,31650000,31700000,-0.29178035322186935,B
chrX,31700000,31750000,-0.2613831607838517,B
chrX,31750000,31800000,-0.3827423099734032,B
chrX,31800000,31850000,-0.5169420790983221,B
chrX,31850000,31900000,-0.3791063767744475,B
chrX,31900000,31950000,-0.4863703482997051,B
chrX,31950000,32000000,-0.433258680717356,B
chrX,32000000,32050000,-0.2999033794333712,B
chrX,32050000,32100000,-0.3664947783679684,B
chrX,32100000,32150000,-0.45142947903430164,B
chrX,32150000,32200000,-0.25392114084402556,B
chrX,32200000,32250000,-0.42280314034647726,B
chrX,32250000,32300000,-0.2461246848253187,B
chrX,32300000,32350000,-0.36347913632223305,B
chrX,32350000,32400000,-0.5260045054489398,B
chrX,32400000,32450000,-0.4139106482456102,B
chrX,32450000,32500000,-0.466053877276506,B
chrX,32500000,32550000,-0.656789370944213,B
chrX,32550000,32600000,-0.3483970611377309,B
chrX,32600000,32650000,-0.24436938508769077,B
chrX,32650000,32700000,-0.2939446774765396,B
chrX,32700000,32750000,-0.23108104572413976,B
chrX,32750000,32800000,-0.3215399810122278,B
chrX,32800000,32850000,-0.33540836022631193,B
chrX,32850000,32900000,-0.31471278387971946,B
chrX,32900000,32950000,-0.3734850468636327,B
chrX,32950000,33000000,-0.2706188103623997,B
chrX,33000000,33050000,-0.26412183313529336,B
chrX,33050000,33100000,-0.28411001666645086,B
chrX,33100000,33150000,-0.2293195612637767,B
chrX,33150000,33200000,-0.19539373071280125,B
chrX,33200000,33250000,-0.4185723610768303,B
chrX,33250000,33300000,-0.3059406783663238,B
chrX,33300000,33350000,-0.19036149749143516,B
chrX,33350000,33400000,-0.31556290323309044,B
chrX,33400000,33450000,-0.12917725266772923,B
chrX,33450000,33500000,-0.3090770350417709,B
chrX,33500000,33550000,-0.3131475415967474,B
chrX,33550000,33600000,-0.33106799698403816,B
chrX,33600000,33650000,-0.26472580123039247,B
chrX,33650000,33700000,-0.45973715806139764,B
chrX,33700000,33750000,-0.3361637639785738,B
chrX,33750000,33800000,-0.2782942381390541,B
chrX,33800000,33850000,-0.38247601546957016,B
chrX,33850000,33900000,-0.3453739097581927,B
chrX,33900000,33950000,-0.18052673545939588,B
chrX,33950000,34000000,-0.37502740378262966,B
chrX,34000000,34050000,-0.22439589146227845,B
chrX,34050000,34100000,-0.10975233702309287,B
chrX,34100000,34150000,-0.2681308390045072,B
chrX,34150000,34200000,-0.088136447314861,B
chrX,34200000,34250000,-0.12698069282661675,B
chrX,34250000,34300000,-0.18930611734138308,B
chrX,34300000,34350000,-0.35615150425318925,B
chrX,34350000,34400000,-0.197666101649014,B
chrX,34400000,34450000,-0.16796002668541984,B
chrX,34450000,34500000,-0.2807517826618987,B
chrX,34500000,34550000,-0.20634301113705258,B
chrX,34550000,34600000,-0.1550195344264668,B
chrX,34600000,34650000,-0.1913659560426749,B
chrX,34650000,34700000,-0.03861019212477719,B
chrX,34700000,34750000,0.10621158658086773,A
chrX,34750000,34800000,-0.16922516963388262,B
chrX,34800000,34850000,-0.05615829551723749,B
chrX,34850000,34900000,-0.1454750214026513,B
chrX,34900000,34950000,-0.12626610649846695,B
chrX,34950000,35000000,-0.23417410824629944,B
chrX,35000000,35050000,-0.031176036993582106,B
chrX,35050000,35100000,-0.15249105847935074,B
chrX,35100000,35150000,-0.1502082501582755,B
chrX,35150000,35200000,-0.14674761951280244,B
chrX,35200000,35250000,-0.1708442263281422,B
chrX,35250000,35300000,-0.15186432091503352,B
chrX,35300000,35350000,-0.09314331735574734,B
chrX,35350000,35400000,-0.2521951064755805,B
chrX,35400000,35450000,-0.22329555448785052,B
chrX,35450000,35500000,-0.14213588421898724,B
chrX,35500000,35550000,-0.23405785487116174,B
chrX,35550000,35600000,-0.15911440970961588,B
chrX,35600000,35650000,-0.2870135771318168,B
chrX,35650000,35700000,-0.03205875051566389,B
chrX,35700000,35750000,-0.2165633129349478,B
chrX,35750000,35800000,0.035495243834532654,A
chrX,35800000,35850000,-0.2039223191990211,B
chrX,35850000,35900000,-0.1494385514086975,B
chrX,35900000,35950000,0.002426256964610592,A
chrX,35950000,36000000,-0.25796045630402203,B
chrX,36000000,36050000,-0.07413368170044468,B
chrX,36050000,36100000,-0.2275453204456527,B
chrX,36100000,36150000,-0.07401364742860529,B
chrX,36150000,36200000,-0.09814534762718669,B
chrX,36200000,36250000,-0.0632506506117461,B
chrX,36250000,36300000,-0.2769214624995439,B
chrX,36300000,36350000,-0.1945953907101743,B
chrX,36350000,36400000,-0.2371780407793377,B
chrX,36400000,36450000,-0.04119042616198522,B
chrX,36450000,36500000,-0.03333006748880174,B
chrX,36500000,36550000,-0.10996466409226602,B
chrX,36550000,36600000,-0.11117765782647257,B
chrX,36600000,36650000,-0.11637320587936263,B
chrX,36650000,36700000,-0.1773298909748701,B
chrX,36700000,36750000,-0.029739198931111235,B
chrX,36750000,36800000,0.01384924054613122,A
chrX,36800000,36850000,-0.0006943135312104531,B
chrX,36850000,36900000,-0.019859618106120233,B
chrX,36900000,36950000,-0.08456214573898502,B
chrX,36950000,37000000,0.12732201325729897,A
chrX,37000000,37050000,-0.11950673668133584,B
chrX,37050000,37100000,-0.23207398541380747,B
chrX,37100000,37150000,,B
chrX,37150000,37200000,,B
chrX,37200000,37250000,,B
chrX,37250000,37300000,,B
chrX,37300000,37350000,-0.12519550501348714,B
chrX,37350000,37400000,-0.16902363117588803,B
chrX,37400000,37450000,-0.038912988235611165,B
chrX,37450000,37500000,0.06229868144818585,A
chrX,37500000,37550000,0.0701774128127416,A
chrX,37550000,37600000,-0.1382408746314502,B
chrX,37600000,37650000,-0.10113818731095683,B
chrX,37650000,37700000,-0.11768343942616871,B
chrX,37700000,37750000,0.007300860847796449,A
chrX,37750000,37800000,-0.016431046613507732,B
chrX,37800000,37850000,0.15787101948312723,A
chrX,37850000,37900000,0.10135417208886226,A
chrX,37900000,37950000,0.14698867576449898,A
chrX,37950000,38000000,0.13064887920192433,A
chrX,38000000,38050000,0.17529927589398342,A
chrX,38050000,38100000,0.0927909001719018,A
chrX,38100000,38150000,0.1289930015910441,A
chrX,38150000,38200000,0.08073351925991336,A
chrX,38200000,38250000,0.048012208290962685,A
chrX,38250000,38300000,0.0438422548894916,A
chrX,38300000,38350000,-0.028521960315766533,B
chrX,38350000,38400000,-0.01147781400172117,B
chrX,38400000,38450000,0.1581258268949391,A
chrX,38450000,38500000,0.3639343743923682,A
chrX,38500000,38550000,0.11053067845959985,A
chrX,38550000,38600000,0.13903515941111633,A
chrX,38600000,38650000,0.1816906247500643,A
chrX,38650000,38700000,0.29554499329799727,A
chrX,38700000,38750000,0.2782986791969497,A
chrX,38750000,38800000,0.1530178151518521,A
chrX,38800000,38850000,0.16059607667091028,A
chrX,38850000,38900000,0.3356647297524214,A
chrX,38900000,38950000,0.1838961482323764,A
chrX,38950000,39000000,0.054933622069524055,A
chrX,39000000,39050000,0.19683121015769775,A
chrX,39050000,39100000,0.26828919038926713,A
chrX,39100000,39150000,0.2432220466356151,A
chrX,39150000,39200000,0.23811117974644055,A
chrX,39200000,39250000,0.22775076793416896,A
chrX,39250000,39300000,0.3173092514906009,A
chrX,39300000,39350000,0.16405201002188582,A
chrX,39350000,39400000,0.2756707699503057,A
chrX,39400000,39450000,0.1319880084286242,A
chrX,39450000,39500000,0.24783159564504365,A
chrX,39500000,39550000,0.1656808097158011,A
chrX,39550000,39600000,0.19026560557350045,A
chrX,39600000,39650000,0.15391491885546954,A
chrX,39650000,39700000,0.19280272834065532,A
chrX,39700000,39750000,0.3718420959606033,A
chrX,39750000,39800000,0.4011328541051343,A
chrX,39800000,39850000,0.22689825953340095,A
chrX,39850000,39900000,0.24715280652886015,A
chrX,39900000,39950000,0.2654044507824613,A
chrX,39950000,40000000,0.19247252560965658,A
chrX,40000000,40050000,0.3565783362189634,A
chrX,40050000,40100000,0.08526583175005668,A
chrX,40100000,40150000,0.23799151465348667,A
chrX,40150000,40200000,0.3196596952836515,A
chrX,40200000,40250000,0.2710089383283482,A
chrX,40250000,40300000,0.26197714564254554,A
chrX,40300000,40350000,0.15524002429435882,A
chrX,40350000,40400000,0.25749391436805674,A
chrX,40400000,40450000,0.2899008013054082,A
chrX,40450000,40500000,0.19001408681537538,A
chrX,40500000,40550000,0.2951455309359437,A
chrX,40550000,40600000,0.2878363861630904,A
chrX,40600000,40650000,0.2801968651702173,A
chrX,40650000,40700000,0.3027000440292423,A
chrX,40700000,40750000,0.24877663982245726,A
chrX,40750000,40800000,0.13351034433872086,A
chrX,40800000,40850000,0.06151960947672877,A
chrX,40850000,40900000,0.1862363189787049,A
chrX,40900000,40950000,0.18411148990820286,A
chrX,40950000,41000000,0.21442281012517142,A
chrX,41000000,41050000,0.02976851826250768,A
chrX,41050000,41100000,0.17972816761437507,A
chrX,41100000,41150000,0.14085193502466106,A
chrX,41150000,41200000,0.1615577911477863,A
chrX,41200000,41250000,-0.10562976847318331,B
chrX,41250000,41300000,0.0845088815483847,A
chrX,41300000,41350000,0.046926090274486666,A
chrX,41350000,41400000,-0.06669851396089325,B
chrX,41400000,41450000,0.1959849908870075,A
chrX,41450000,41500000,0.19309416544559554,A
chrX,41500000,41550000,0.1294888896344925,A
chrX,41550000,41600000,0.41728251604038746,A
chrX,41600000,41650000,0.3176344455840784,A
chrX,41650000,41700000,0.25858555185646775,A
chrX,41700000,41750000,0.3597007122312263,A
chrX,41750000,41800000,0.21628059477556152,A
chrX,41800000,41850000,0.28905904680303673,A
chrX,41850000,41900000,0.2870274818672689,A
chrX,41900000,41950000,0.30822093718574584,A
chrX,41950000,42000000,0.28623853407825184,A
chrX,42000000,42050000,0.2504905674900001,A
chrX,42050000,42100000,0.3629451980272142,A
chrX,42100000,42150000,0.4010131297840619,A
chrX,42150000,42200000,0.5287382876966122,A
chrX,42200000,42250000,0.2675985885858541,A
chrX,42250000,42300000,0.4201656804361246,A
chrX,42300000,42350000,0.39188094779876437,A
chrX,42350000,42400000,0.4369735015038912,A
chrX,42400000,42450000,0.4560741610795664,A
chrX,42450000,42500000,0.7078142271091491,A
chrX,42500000,42550000,0.5102421514214516,A
chrX,42550000,42600000,0.5736334718827398,A
chrX,42600000,42650000,0.3889927845676033,A
chrX,42650000,42700000,0.4955753318862634,A
chrX,42700000,42750000,0.46522301819050516,A
chrX,42750000,42800000,0.4856471241271159,A
chrX,42800000,42850000,0.45726720713783475,A
chrX,42850000,42900000,0.5557096898701768,A
chrX,42900000,42950000,0.41673974911272993,A
chrX,42950000,43000000,0.541626131159357,A
chrX,43000000,43050000,0.6267978302080306,A
chrX,43050000,43100000,0.4908268130219498,A
chrX,43100000,43150000,0.45661049408601345,A
chrX,43150000,43200000,0.608715521478471,A
chrX,43200000,43250000,0.5434008795575839,A
chrX,43250000,43300000,0.4646873698140439,A
chrX,43300000,43350000,0.5988564895012833,A
chrX,43350000,43400000,0.5151762884068838,A
chrX,43400000,43450000,0.6495307698900169,A
chrX,43450000,43500000,0.49812665152578556,A
chrX,43500000,43550000,0.5665450826432893,A
chrX,43550000,43600000,0.5283801507220219,A
chrX,43600000,43650000,0.567151181764051,A
chrX,43650000,43700000,0.6091923125482733,A
chrX,43700000,43750000,0.579055343754747,A
chrX,43750000,43800000,0.5422384942447487,A
chrX,43800000,43850000,0.547574289707905,A
chrX,43850000,43900000,0.5764024992623464,A
chrX,43900000,43950000,0.6247097069650787,A
chrX,43950000,44000000,0.4689961814654973,A
chrX,44000000,44050000,0.5014094983132502,A
chrX,44050000,44100000,0.5193910092097994,A
chrX,44100000,44150000,0.4425707652244409,A
chrX,44150000,44200000,0.397636703194523,A
chrX,44200000,44250000,0.38438357754896285,A
chrX,44250000,44300000,0.4082345965590952,A
chrX,44300000,44350000,0.4081004741066956,A
chrX,44350000,44400000,0.38153601956828215,A
chrX,44400000,44450000,0.40658160719497727,A
chrX,44450000,44500000,0.3475258275362167,A
chrX,44500000,44550000,0.3372504107034527,A
chrX,44550000,44600000,0.41941110817882316,A
chrX,44600000,44650000,0.3534744880339845,A
chrX,44650000,44700000,0.3055921287902363,A
chrX,44700000,44750000,0.26859356514119564,A
chrX,44750000,44800000,0.21898746552196202,A
chrX,44800000,44850000,0.37475824033543587,A
chrX,44850000,44900000,0.2938390945189253,A
chrX,44900000,44950000,0.4420444277213547,A
chrX,44950000,45000000,0.5723986084153997,A
chrX,45000000,45050000,0.40383283488417565,A
chrX,45050000,45100000,0.4112862362908604,A
chrX,45100000,45150000,0.5094003699380776,A
chrX,45150000,45200000,0.38648411398623744,A
chrX,45200000,45250000,0.3991387845354055,A
chrX,45250000,45300000,0.48458574755947964,A
chrX,45300000,45350000,0.4853762556061328,A
chrX,45350000,45400000,0.43936274088995053,A
chrX,45400000,45450000,0.4054295961187636,A
chrX,45450000,45500000,0.19246727873821357,A
chrX,45500000,45550000,0.29909627250181076,A
chrX,45550000,45600000,0.3000079137318073,A
chrX,45600000,45650000,0.2034234562522641,A
chrX,45650000,45700000,0.49138087288088866,A
chrX,45700000,45750000,0.43869746629160783,A
chrX,45750000,45800000,0.3818045644241663,A
chrX,45800000,45850000,0.4954404728153222,A
chrX,45850000,45900000,0.41921855094682486,A
chrX,45900000,45950000,0.3767560731894801,A
chrX,45950000,46000000,0.4576656739013381,A
chrX,46000000,46050000,0.47844310660802547,A
chrX,46050000,46100000,0.36611276438812085,A
chrX,46100000,46150000,0.47590104251745025,A
chrX,46150000,46200000,0.4866075682800112,A
chrX,46200000,46250000,0.5116167312382809,A
chrX,46250000,46300000,0.6376048655544334,A
chrX,46300000,46350000,0.453211760510771,A
chrX,46350000,46400000,0.3333065679194017,A
chrX,46400000,46450000,0.6410981693104416,A
chrX,46450000,46500000,0.539266222773619,A
chrX,46500000,46550000,0.6316586693213548,A
chrX,46550000,46600000,0.712855456666498,A
chrX,46600000,46650000,0.6921026922329232,A
chrX,46650000,46700000,0.5810179744260702,A
chrX,46700000,46750000,0.6254509566749034,A
chrX,46750000,46800000,0.6381984153630886,A
chrX,46800000,46850000,0.5963374201983419,A
chrX,46850000,46900000,0.7384559522720036,A
chrX,46900000,46950000,0.7218123349283784,A
chrX,46950000,47000000,0.5969546657014831,A
chrX,47000000,47050000,0.7021293396997911,A
chrX,47050000,47100000,0.6518691960318215,A
chrX,47100000,47150000,0.6472662895073644,A
chrX,47150000,47200000,0.6197255350048918,A
chrX,47200000,47250000,0.7392812234903257,A
chrX,47250000,47300000,0.6331972406692704,A
chrX,47300000,47350000,0.8745992954330698,A
chrX,47350000,47400000,0.5872340459463773,A
chrX,47400000,47450000,0.7379303645827681,A
chrX,47450000,47500000,0.7451259705644334,A
chrX,47500000,47550000,0.7435363243847312,A
chrX,47550000,47600000,0.7726657805182122,A
chrX,47600000,47650000,0.5766677389677668,A
chrX,47650000,47700000,0.7108466196260204,A
chrX,47700000,47750000,0.6139654764494897,A
chrX,47750000,47800000,0.7053388389794871,A
chrX,47800000,47850000,0.7208925969926717,A
chrX,47850000,47900000,0.6423892135105095,A
chrX,47900000,47950000,0.76380527825044,A
chrX,47950000,48000000,0.7343432876644452,A
chrX,48000000,48050000,0.5888245653933842,A
chrX,48050000,48100000,0.8305283206139127,A
chrX,48100000,48150000,0.7834516006981649,A
chrX,48150000,48200000,0.6370685425072212,A
chrX,48200000,48250000,0.6709312196834991,A
chrX,48250000,48300000,0.4332609860639856,A
chrX,48300000,48350000,0.5894593765875438,A
chrX,48350000,48400000,,B
chrX,48400000,48450000,,B
chrX,48450000,48500000,0.6550352928171292,A
chrX,48500000,48550000,0.5561942205672366,A
chrX,48550000,48600000,0.47025863010303676,A
chrX,48600000,48650000,0.3984762076156663,A
chrX,48650000,48700000,0.36631006894955837,A
chrX,48700000,48750000,0.5366867451931923,A
chrX,48750000,48800000,0.5548857437576143,A
chrX,48800000,48850000,0.33864876665438187,A
chrX,48850000,48900000,0.4110734440971394,A
chrX,48900000,48950000,0.43949244918444,A
chrX,48950000,49000000,0.41561677843285905,A
chrX,49000000,49050000,0.5289726106821654,A
chrX,49050000,49100000,0.512589886833915,A
chrX,49100000,49150000,0.3906487609504833,A
chrX,49150000,49200000,0.4666933373643111,A
chrX,49200000,49250000,0.4525237111876984,A
chrX,49250000,49300000,0.43581007538183736,A
chrX,49300000,49350000,,B
chrX,49350000,49400000,,B
chrX,49400000,49450000,,B
chrX,49450000,49500000,,B
chrX,49500000,49550000,,B
chrX,49550000,49600000,,B
chrX,49600000,49650000,0.7086439012548656,A
chrX,49650000,49700000,0.7583674856791256,A
chrX,49700000,49750000,0.7580035108542951,A
chrX,49750000,49800000,0.5972859961243431,A
chrX,49800000,49850000,0.7840818790304616,A
chrX,49850000,49900000,0.8582884199603446,A
chrX,49900000,49950000,0.8587348831018617,A
chrX,49950000,50000000,1.024518744500908,A
chrX,50000000,50050000,0.8143853521305431,A
chrX,50050000,50100000,0.9525773670695697,A
chrX,50100000,50150000,0.87868178024937,A
chrX,50150000,50200000,0.9230504040648576,A
chrX,50200000,50250000,,B
chrX,50250000,50300000,,B
chrX,50300000,50350000,0.8331122294885039,A
chrX,50350000,50400000,0.7311727802409963,A
chrX,50400000,50450000,0.8095933399777688,A
chrX,50450000,50500000,1.0981047617044193,A
chrX,50500000,50550000,0.9386811036389618,A
chrX,50550000,50600000,0.936791379787858,A
chrX,50600000,50650000,0.9906552957175488,A
chrX,50650000,50700000,0.8554855209059645,A
chrX,50700000,50750000,0.9545888405601562,A
chrX,50750000,50800000,0.8159873196156446,A
chrX,50800000,50850000,0.8733775589983744,A
chrX,50850000,50900000,0.7418075980018044,A
chrX,50900000,50950000,0.7464371005696429,A
chrX,50950000,51000000,0.759262577811138,A
chrX,51000000,51050000,1.0063285770893955,A
chrX,51050000,51100000,0.7463330298440839,A
chrX,51100000,51150000,0.8447769711536209,A
chrX,51150000,51200000,0.7845497051514764,A
chrX,51200000,51250000,0.8899795572912632,A
chrX,51250000,51300000,0.7841949546617146,A
chrX,51300000,51350000,0.7690499121027862,A
chrX,51350000,51400000,0.7552619884869779,A
chrX,51400000,51450000,0.7853374836576408,A
chrX,51450000,51500000,0.815761433014742,A
chrX,51500000,51550000,0.7982659388638965,A
chrX,51550000,51600000,0.869755358020665,A
chrX,51600000,51650000,0.8073854398563364,A
chrX,51650000,51700000,,B
chrX,51700000,51750000,,B
chrX,51750000,51800000,0.6794159868803141,A
chrX,51800000,51850000,0.7217110224921396,A
chrX,51850000,51900000,0.6652154603005433,A
chrX,51900000,51950000,0.5791324233196169,A
chrX,51950000,52000000,0.5735774069952683,A
chrX,52000000,52050000,0.5966084630385895,A
chrX,52050000,52100000,,B
chrX,52100000,52150000,0.6384021662710446,A
chrX,52150000,52200000,,B
chrX,52200000,52250000,,B
chrX,52250000,52300000,0.7923759127207858,A
chrX,52300000,52350000,0.8893703496463412,A
chrX,52350000,52400000,0.8221372798102581,A
chrX,52400000,52450000,0.7584421711906763,A
chrX,52450000,52500000,,B
chrX,52500000,52550000,,B
chrX,52550000,52600000,0.7281808324885681,A
chrX,52600000,52650000,0.6294766473610173,A
chrX,52650000,52700000,,B
chrX,52700000,52750000,,B
chrX,52750000,52800000,,B
chrX,52800000,52850000,0.5301451015002737,A
chrX,52850000,52900000,0.45746666890632337,A
chrX,52900000,52950000,,B
chrX,52950000,53000000,,B
chrX,53000000,53050000,0.6804781762342879,A
chrX,53050000,53100000,0.46318963769900323,A
chrX,53100000,53150000,0.6826392582898432,A
chrX,53150000,53200000,0.6001991913333861,A
chrX,53200000,53250000,0.5480318056796788,A
chrX,53250000,53300000,0.4636771872626264,A
chrX,53300000,53350000,0.5228417583967916,A
chrX,53350000,53400000,0.47593419486494554,A
chrX,53400000,53450000,0.4540273127490326,A
chrX,53450000,53500000,0.6122591651590205,A
chrX,53500000,53550000,0.6090397902744411,A
chrX,53550000,53600000,0.45534599677253673,A
chrX,53600000,53650000,0.6218762505825794,A
chrX,53650000,53700000,0.5340126511901468,A
chrX,53700000,53750000,0.5362874577698254,A
chrX,53750000,53800000,0.6184401254769588,A
chrX,53800000,53850000,0.6327278621470629,A
chrX,53850000,53900000,0.7537292187305864,A
chrX,53900000,53950000,0.3589725868497612,A
chrX,53950000,54000000,0.649091344289637,A
chrX,54000000,54050000,0.6255774753153307,A
chrX,54050000,54100000,0.7615564690999175,A
chrX,54100000,54150000,0.7747392039021554,A
chrX,54150000,54200000,0.573324381182786,A
chrX,54200000,54250000,0.6928062774349745,A
chrX,54250000,54300000,0.5609337554366025,A
chrX,54300000,54350000,0.7101901244928209,A
chrX,54350000,54400000,0.599409276438311,A
chrX,54400000,54450000,0.44025426046673666,A
chrX,54450000,54500000,0.6284247063338212,A
chrX,54500000,54550000,0.7464314291531415,A
chrX,54550000,54600000,0.6847017082870196,A
chrX,54600000,54650000,0.7084527654572363,A
chrX,54650000,54700000,0.690355807947512,A
chrX,54700000,54750000,0.6298280432424731,A
chrX,54750000,54800000,0.6224086831880411,A
chrX,54800000,54850000,0.4908151271800016,A
chrX,54850000,54900000,0.46264892810044705,A
chrX,54900000,54950000,0.682122504156359,A
chrX,54950000,55000000,0.7010429441370402,A
chrX,55000000,55050000,0.5522166255572554,A
chrX,55050000,55100000,0.6156331828583035,A
chrX,55100000,55150000,0.6314298291706711,A
chrX,55150000,55200000,0.8382524113368817,A
chrX,55200000,55250000,0.633349315890597,A
chrX,55250000,55300000,0.5588360980525143,A
chrX,55300000,55350000,0.7374733874012598,A
chrX,55350000,55400000,0.5866835192135597,A
chrX,55400000,55450000,0.6222697167429544,A
chrX,55450000,55500000,,B
chrX,55500000,55550000,,B
chrX,55550000,55600000,0.6819390609379619,A
chrX,55600000,55650000,0.5331571869529971,A
chrX,55650000,55700000,0.5292634800818964,A
chrX,55700000,55750000,0.44098367886487305,A
chrX,55750000,55800000,0.34876811973712907,A
chrX,55800000,55850000,0.3455188894417521,A
chrX,55850000,55900000,0.3404215549613406,A
chrX,55900000,55950000,0.3170223829986771,A
chrX,55950000,56000000,0.43324352065932104,A
chrX,56000000,56050000,0.5092309311105453,A
chrX,56050000,56100000,0.19424080712489286,A
chrX,56100000,56150000,0.30737351279570213,A
chrX,56150000,56200000,0.359932942583569,A
chrX,56200000,56250000,0.26845930096154275,A
chrX,56250000,56300000,0.20288590554979172,A
chrX,56300000,56350000,0.44078290916401736,A
chrX,56350000,56400000,0.2543337016092587,A
chrX,56400000,56450000,0.3508181870273596,A
chrX,56450000,56500000,0.30422554181344613,A
chrX,56500000,56550000,0.3297980133621598,A
chrX,56550000,56600000,0.30977601707444646,A
chrX,56600000,56650000,0.4130358338737832,A
chrX,56650000,56700000,0.3095849548588392,A
chrX,56700000,56750000,0.14868322250745283,A
chrX,56750000,56800000,0.23547539324150912,A
chrX,56800000,56850000,0.3750435634768085,A
chrX,56850000,56900000,0.37249738923911196,A
chrX,56900000,56950000,0.3253254341005367,A
chrX,56950000,57000000,0.280645952355321,A
chrX,57000000,57050000,0.16069338501790548,A
chrX,57050000,57100000,0.3816064776597343,A
chrX,57100000,57150000,0.27737675655171107,A
chrX,57150000,57200000,0.3504986480039333,A
chrX,57200000,57250000,0.508129646301964,A
chrX,57250000,57300000,0.3150927258307816,A
chrX,57300000,57350000,0.3736337315429468,A
chrX,57350000,57400000,0.30616366315193844,A
chrX,57400000,57450000,0.37114164031026375,A
chrX,57450000,57500000,0.38392063716753283,A
chrX,57500000,57550000,0.2573971558103326,A
chrX,57550000,57600000,0.213245286691024,A
chrX,57600000,57650000,0.3972186429332259,A
chrX,57650000,57700000,0.27776163041725893,A
chrX,57700000,57750000,0.3573521691780422,A
chrX,57750000,57800000,0.25466798732996915,A
chrX,57800000,57850000,0.23528912866856824,A
chrX,57850000,57900000,0.276437652756681,A
chrX,57900000,57950000,0.33985893046859567,A
chrX,57950000,58000000,0.39600351915334947,A
chrX,58000000,58050000,0.3885959368845065,A
chrX,58050000,58100000,,B
chrX,58100000,58150000,,B
chrX,58150000,58200000,,B
chrX,58200000,58250000,,B
chrX,58250000,58300000,,B
chrX,58300000,58350000,,B
chrX,58350000,58400000,,B
chrX,58400000,58450000,,B
chrX,58450000,58500000,,B
chrX,58500000,58550000,,B
chrX,58550000,58600000,,B
chrX,58600000,58650000,,B
chrX,58650000,58700000,,B
chrX,58700000,58750000,,B
chrX,58750000,58800000,,B
chrX,58800000,58850000,,B
chrX,58850000,58900000,,B
chrX,58900000,58950000,,B
chrX,58950000,59000000,,B
chrX,59000000,59050000,,B
chrX,59050000,59100000,,B
chrX,59100000,59150000,,B
chrX,59150000,59200000,,B
chrX,59200000,59250000,,B
chrX,59250000,59300000,,B
chrX,59300000,59350000,,B
chrX,59350000,59400000,,B
chrX,59400000,59450000,,B
chrX,59450000,59500000,,B
chrX,59500000,59550000,,B
chrX,59550000,59600000,,B
chrX,59600000,59650000,,B
chrX,59650000,59700000,,B
chrX,59700000,59750000,,B
chrX,59750000,59800000,,B
chrX,59800000,59850000,,B
chrX,59850000,59900000,,B
chrX,59900000,59950000,,B
chrX,59950000,60000000,,B
chrX,60000000,60050000,,B
chrX,60050000,60100000,,B
chrX,60100000,60150000,,B
chrX,60150000,60200000,,B
chrX,60200000,60250000,,B
chrX,60250000,60300000,,B
chrX,60300000,60350000,,B
chrX,60350000,60400000,,B
chrX,60400000,60450000,,B
chrX,60450000,60500000,,B
chrX,60500000,60550000,,B
chrX,60550000,60600000,,B
chrX,60600000,60650000,,B
chrX,60650000,60700000,,B
chrX,60700000,60750000,,B
chrX,60750000,60800000,,B
chrX,60800000,60850000,,B
chrX,60850000,60900000,,B
chrX,60900000,60950000,,B
chrX,60950000,61000000,,B
chrX,61000000,61050000,,B
chrX,61050000,61100000,,B
chrX,61100000,61150000,,B
chrX,61150000,61200000,,B
chrX,61200000,61250000,,B
chrX,61250000,61300000,,B
chrX,61300000,61350000,,B
chrX,61350000,61400000,,B
chrX,61400000,61450000,,B
chrX,61450000,61500000,,B
chrX,61500000,61550000,,B
chrX,61550000,61600000,,B
chrX,61600000,61650000,,B
chrX,61650000,61700000,,B
chrX,61700000,61750000,,B
chrX,61750000,61800000,,B
chrX,61800000,61850000,,B
chrX,61850000,61900000,,B
chrX,61900000,61950000,,B
chrX,61950000,62000000,,B
chrX,62000000,62050000,,B
chrX,62050000,62100000,,B
chrX,62100000,62150000,,B
chrX,62150000,62200000,,B
chrX,62200000,62250000,,B
chrX,62250000,62300000,,B
chrX,62300000,62350000,,B
chrX,62350000,62400000,,B
chrX,62400000,62450000,,B
chrX,62450000,62500000,,B
chrX,62500000,62550000,,B
chrX,62550000,62600000,,B
chrX,62600000,62650000,,B
chrX,62650000,62700000,,B
chrX,62700000,62750000,,B
chrX,62750000,62800000,,B
chrX,62800000,62850000,0.20881424169300522,A
chrX,62850000,62900000,0.5068426857819694,A
chrX,62900000,62950000,0.30339212097562696,A
chrX,62950000,63000000,0.36771231681361044,A
chrX,63000000,63050000,0.15182808326113495,A
chrX,63050000,63100000,0.046451783258613204,A
chrX,63100000,63150000,,B
chrX,63150000,63200000,,B
chrX,63200000,63250000,,B
chrX,63250000,63300000,0.35777865751274907,A
chrX,63300000,63350000,0.24534405579426083,A
chrX,63350000,63400000,0.32271426342708565,A
chrX,63400000,63450000,0.3910398538548803,A
chrX,63450000,63500000,0.5011298993003713,A
chrX,63500000,63550000,0.45244581340003587,A
chrX,63550000,63600000,0.3525119199711273,A
chrX,63600000,63650000,0.35921993140252545,A
chrX,63650000,63700000,0.11834779671422581,A
chrX,63700000,63750000,0.1400964146707343,A
chrX,63750000,63800000,0.16241890287087676,A
chrX,63800000,63850000,0.22553195471689344,A
chrX,63850000,63900000,0.264307065367607,A
chrX,63900000,63950000,0.1472175594976777,A
chrX,63950000,64000000,0.36364772068969187,A
chrX,64000000,64050000,0.22974562668031825,A
chrX,64050000,64100000,0.1960324347703401,A
chrX,64100000,64150000,0.26168901073841605,A
chrX,64150000,64200000,0.15836692500331231,A
chrX,64200000,64250000,0.3578681220337756,A
chrX,64250000,64300000,0.18344104473432649,A
chrX,64300000,64350000,0.19815146704270314,A
chrX,64350000,64400000,0.18469078257278795,A
chrX,64400000,64450000,0.163482259242242,A
chrX,64450000,64500000,0.020025584542550746,A
chrX,64500000,64550000,0.10494133925757268,A
chrX,64550000,64600000,0.18124453357427114,A
chrX,64600000,64650000,0.09578211883882994,A
chrX,64650000,64700000,0.2850987533724808,A
chrX,64700000,64750000,0.24731994672480032,A
chrX,64750000,64800000,0.12313594847873044,A
chrX,64800000,64850000,0.09853632337991669,A
chrX,64850000,64900000,0.24891437871341918,A
chrX,64900000,64950000,0.2318595708822663,A
chrX,64950000,65000000,0.13021578466526185,A
chrX,65000000,65050000,0.1276684510648714,A
chrX,65050000,65100000,0.1663360032152149,A
chrX,65100000,65150000,0.020861013378584956,A
chrX,65150000,65200000,0.027570747928067137,A
chrX,65200000,65250000,0.11505629235287479,A
chrX,65250000,65300000,0.21144914925941574,A
chrX,65300000,65350000,0.17774493893366164,A
chrX,65350000,65400000,0.32865703796595136,A
chrX,65400000,65450000,0.10658737789964189,A
chrX,65450000,65500000,0.2661692086005092,A
chrX,65500000,65550000,0.2019278825521018,A
chrX,65550000,65600000,0.4062998961524288,A
chrX,65600000,65650000,0.3397236190495089,A
chrX,65650000,65700000,0.21889512132513966,A
chrX,65700000,65750000,0.1684312302693164,A
chrX,65750000,65800000,0.23660701015912478,A
chrX,65800000,65850000,0.2885301044945715,A
chrX,65850000,65900000,0.27288879751294265,A
chrX,65900000,65950000,0.09341572078700901,A
chrX,65950000,66000000,0.3593832793687623,A
chrX,66000000,66050000,0.29570541758891944,A
chrX,66050000,66100000,0.24216390460566203,A
chrX,66100000,66150000,0.24494054428438083,A
chrX,66150000,66200000,0.31660163170222405,A
chrX,66200000,66250000,0.4359713791943551,A
chrX,66250000,66300000,0.1916774199526385,A
chrX,66300000,66350000,0.30782230532235727,A
chrX,66350000,66400000,0.29651812509605663,A
chrX,66400000,66450000,0.342807983231256,A
chrX,66450000,66500000,0.4240172986593013,A
chrX,66500000,66550000,0.2947585130154497,A
chrX,66550000,66600000,0.42110155022931994,A
chrX,66600000,66650000,0.33472690114664194,A
chrX,66650000,66700000,0.45143433822354273,A
chrX,66700000,66750000,0.350259175971763,A
chrX,66750000,66800000,0.34974856652221287,A
chrX,66800000,66850000,0.48011253478613275,A
chrX,66850000,66900000,0.49335783977127856,A
chrX,66900000,66950000,0.4314211714880404,A
chrX,66950000,67000000,0.5633072630841387,A
chrX,67000000,67050000,0.3692498954875231,A
chrX,67050000,67100000,0.3823397137984018,A
chrX,67100000,67150000,0.43945194122653,A
chrX,67150000,67200000,0.488391221407148,A
chrX,67200000,67250000,0.4354996683205592,A
chrX,67250000,67300000,0.46570873239685723,A
chrX,67300000,67350000,0.5245946449489475,A
chrX,67350000,67400000,0.5069861454829782,A
chrX,67400000,67450000,0.3502751117014008,A
chrX,67450000,67500000,0.5754424983836892,A
chrX,67500000,67550000,0.3515800290974378,A
chrX,67550000,67600000,0.5243247355856634,A
chrX,67600000,67650000,0.4932875881614384,A
chrX,67650000,67700000,0.6073025943795751,A
chrX,67700000,67750000,0.5218263626651475,A
chrX,67750000,67800000,0.38710436878344334,A
chrX,67800000,67850000,0.4422167137890291,A
chrX,67850000,67900000,0.5538151818025253,A
chrX,67900000,67950000,0.6137543061637926,A
chrX,67950000,68000000,0.44600789421897336,A
chrX,68000000,68050000,0.6071765569007054,A
chrX,68050000,68100000,0.6479646465837509,A
chrX,68100000,68150000,0.6716412806897012,A
chrX,68150000,68200000,0.5584453686342096,A
chrX,68200000,68250000,0.7975949113398765,A
chrX,68250000,68300000,0.8965987334639136,A
chrX,68300000,68350000,0.7997325635107049,A
chrX,68350000,68400000,0.6595068736235213,A
chrX,68400000,68450000,0.6623636401163743,A
chrX,68450000,68500000,0.6933603273536546,A
chrX,68500000,68550000,0.6419921843167438,A
chrX,68550000,68600000,0.6997217168452237,A
chrX,68600000,68650000,0.7325608580420153,A
chrX,68650000,68700000,0.6718265900773688,A
chrX,68700000,68750000,0.7560383077374335,A
chrX,68750000,68800000,0.7645178704621707,A
chrX,68800000,68850000,0.885061807992551,A
chrX,68850000,68900000,0.7790138025735042,A
chrX,68900000,68950000,0.6048586974583675,A
chrX,68950000,69000000,0.6389823842931749,A
chrX,69000000,69050000,0.7278508013102322,A
chrX,69050000,69100000,0.701740968627579,A
chrX,69100000,69150000,0.8180039920065973,A
chrX,69150000,69200000,0.7329036039356094,A
chrX,69200000,69250000,0.6428696385914955,A
chrX,69250000,69300000,0.5646322557485808,A
chrX,69300000,69350000,0.7254282018099341,A
chrX,69350000,69400000,0.6007660088741872,A
chrX,69400000,69450000,0.6774626580621061,A
chrX,69450000,69500000,0.7947734163717036,A
chrX,69500000,69550000,0.6869600841273759,A
chrX,69550000,69600000,0.7498894483055678,A
chrX,69600000,69650000,0.6937282354539351,A
chrX,69650000,69700000,0.8108766072357532,A
chrX,69700000,69750000,0.8586334241796759,A
chrX,69750000,69800000,0.6996189938762567,A
chrX,69800000,69850000,0.783445970904419,A
chrX,69850000,69900000,0.7804923706921972,A
chrX,69900000,69950000,0.7412508200725654,A
chrX,69950000,70000000,0.9824210584882463,A
chrX,70000000,70050000,0.7086894862056539,A
chrX,70050000,70100000,0.8186476730809341,A
chrX,70100000,70150000,0.6606100767522188,A
chrX,70150000,70200000,0.6556695684542259,A
chrX,70200000,70250000,0.7071808190452203,A
chrX,70250000,70300000,0.6249878194534714,A
chrX,70300000,70350000,0.4550036866066159,A
chrX,70350000,70400000,0.6215840668112217,A
chrX,70400000,70450000,0.8047654836570406,A
chrX,70450000,70500000,0.73673875855043,A
chrX,70500000,70550000,0.7366153224419042,A
chrX,70550000,70600000,0.6522011760509387,A
chrX,70600000,70650000,0.7862482747682958,A
chrX,70650000,70700000,0.6896109005922891,A
chrX,70700000,70750000,0.7345638589762593,A
chrX,70750000,70800000,0.637036403158174,A
chrX,70800000,70850000,0.8503699396068901,A
chrX,70850000,70900000,0.6860458113443567,A
chrX,70900000,70950000,0.6734466013412421,A
chrX,70950000,71000000,0.7046756390508737,A
chrX,71000000,71050000,0.6553595445862473,A
chrX,71050000,71100000,0.6496423051453606,A
chrX,71100000,71150000,0.5925279752048414,A
chrX,71150000,71200000,0.6188746478928642,A
chrX,71200000,71250000,0.5355253729232592,A
chrX,71250000,71300000,0.554694634971654,A
chrX,71300000,71350000,0.5707381882308686,A
chrX,71350000,71400000,0.5252848502981863,A
chrX,71400000,71450000,0.47427041569742223,A
chrX,71450000,71500000,0.6275413113420281,A
chrX,71500000,71550000,0.49356862472750357,A
chrX,71550000,71600000,0.5126522828331627,A
chrX,71600000,71650000,0.5034588600245089,A
chrX,71650000,71700000,,B
chrX,71700000,71750000,,B
chrX,71750000,71800000,,B
chrX,71800000,71850000,0.49135453000170576,A
chrX,71850000,71900000,0.5199581625598524,A
chrX,71900000,71950000,0.3482997296335135,A
chrX,71950000,72000000,0.406168414671956,A
chrX,72000000,72050000,0.446528502627571,A
chrX,72050000,72100000,0.2980705883635067,A
chrX,72100000,72150000,0.48062011792437087,A
chrX,72150000,72200000,0.4687112031920844,A
chrX,72200000,72250000,0.5354894887219095,A
chrX,72250000,72300000,0.32654235683123745,A
chrX,72300000,72350000,0.40271751345705614,A
chrX,72350000,72400000,0.3367185459089524,A
chrX,72400000,72450000,0.4482272242798825,A
chrX,72450000,72500000,0.27749148816811287,A
chrX,72500000,72550000,0.2276973687067847,A
chrX,72550000,72600000,0.24810181432618353,A
chrX,72600000,72650000,0.06759517593779445,A
chrX,72650000,72700000,0.3427889609559407,A
chrX,72700000,72750000,0.1634307399978424,A
chrX,72750000,72800000,,B
chrX,72800000,72850000,,B
chrX,72850000,72900000,,B
chrX,72900000,72950000,,B
chrX,72950000,73000000,,B
chrX,73000000,73050000,0.17525173390445842,A
chrX,73050000,73100000,0.20322741418619703,A
chrX,73100000,73150000,0.10009423603217134,A
chrX,73150000,73200000,0.05520106500188252,A
chrX,73200000,73250000,0.09498574275693238,A
chrX,73250000,73300000,0.11497217888291754,A
chrX,73300000,73350000,0.09171173277895124,A
chrX,73350000,73400000,0.23474756685578718,A
chrX,73400000,73450000,0.057303109332491955,A
chrX,73450000,73500000,0.2994655114471775,A
chrX,73500000,73550000,0.16453953029272436,A
chrX,73550000,73600000,0.2837777965942048,A
chrX,73600000,73650000,0.3286486192033858,A
chrX,73650000,73700000,0.2707504086384429,A
chrX,73700000,73750000,0.22565058590601889,A
chrX,73750000,73800000,0.1542927379610627,A
chrX,73800000,73850000,0.2581535200177117,A
chrX,73850000,73900000,0.09160797356237205,A
chrX,73900000,73950000,0.10323252329115608,A
chrX,73950000,74000000,-0.0068686730990906025,B
chrX,74000000,74050000,0.06684025852266504,A
chrX,74050000,74100000,0.12012621080579755,A
chrX,74100000,74150000,0.004871261397494659,A
chrX,74150000,74200000,0.07147839018615601,A
chrX,74200000,74250000,0.06905413945465728,A
chrX,74250000,74300000,0.24935792346951896,A
chrX,74300000,74350000,0.14645157666204534,A
chrX,74350000,74400000,0.1816189569046675,A
chrX,74400000,74450000,0.22187763790435114,A
chrX,74450000,74500000,0.23212069880497793,A
chrX,74500000,74550000,0.10597149367140683,A
chrX,74550000,74600000,0.10162750988752833,A
chrX,74600000,74650000,-0.024186813812187957,B
chrX,74650000,74700000,-0.11139351675096192,B
chrX,74700000,74750000,0.07323522614492936,A
chrX,74750000,74800000,-0.07347592620070789,B
chrX,74800000,74850000,0.026627771733924603,A
chrX,74850000,74900000,-0.09850811527174556,B
chrX,74900000,74950000,-0.008605999393612078,B
chrX,74950000,75000000,0.09364572789769153,A
chrX,75000000,75050000,0.12499240368992506,A
chrX,75050000,75100000,-0.07814427116669588,B
chrX,75100000,75150000,-0.02105230562039828,B
chrX,75150000,75200000,0.14131595837580238,A
chrX,75200000,75250000,-0.06368696422652474,B
chrX,75250000,75300000,0.007982537131377008,A
chrX,75300000,75350000,0.059688264118181206,A
chrX,75350000,75400000,-0.13442248560428346,B
chrX,75400000,75450000,-0.10973207590427218,B
chrX,75450000,75500000,-0.1262179187972506,B
chrX,75500000,75550000,-0.26253632037139446,B
chrX,75550000,75600000,-0.18152465930049783,B
chrX,75600000,75650000,-0.19385015186656565,B
chrX,75650000,75700000,-0.11985626184742008,B
chrX,75700000,75750000,-0.06842504334294806,B
chrX,75750000,75800000,-0.13459604305504136,B
chrX,75800000,75850000,-0.11133160383279693,B
chrX,75850000,75900000,-0.05285066051709639,B
chrX,75900000,75950000,-0.021932932746232855,B
chrX,75950000,76000000,-0.12993434509337198,B
chrX,76000000,76050000,-0.03733986540476456,B
chrX,76050000,76100000,-0.10166858044572903,B
chrX,76100000,76150000,-0.12093063938326534,B
chrX,76150000,76200000,-0.10573165664253327,B
chrX,76200000,76250000,-0.07922605051308147,B
chrX,76250000,76300000,-0.16747509109299824,B
chrX,76300000,76350000,-0.18746847922325366,B
chrX,76350000,76400000,-0.14295399051399454,B
chrX,76400000,76450000,-0.03612326518064641,B
chrX,76450000,76500000,-0.03534590028160998,B
chrX,76500000,76550000,-0.0425224165020152,B
chrX,76550000,76600000,0.08075022425455632,A
chrX,76600000,76650000,-0.08112479688228959,B
chrX,76650000,76700000,-0.09508981543131723,B
chrX,76700000,76750000,-0.1370994437462006,B
chrX,76750000,76800000,-0.15916921641745965,B
chrX,76800000,76850000,-0.1668848060749254,B
chrX,76850000,76900000,-0.10044542230139782,B
chrX,76900000,76950000,-0.10762853117621858,B
chrX,76950000,77000000,-0.14941497817261118,B
chrX,77000000,77050000,-0.20268069873665365,B
chrX,77050000,77100000,-0.08287899261958523,B
chrX,77100000,77150000,-0.25612897437567306,B
chrX,77150000,77200000,-0.17947898985359761,B
chrX,77200000,77250000,-0.2752844305185536,B
chrX,77250000,77300000,-0.2106639285921018,B
chrX,77300000,77350000,-0.15727803221750836,B
chrX,77350000,77400000,-0.05371116818594192,B
chrX,77400000,77450000,-0.21708666411500432,B
chrX,77450000,77500000,-0.12542695682148616,B
chrX,77500000,77550000,-0.25101947210018616,B
chrX,77550000,77600000,-0.21456274250777038,B
chrX,77600000,77650000,-0.19764784859598167,B
chrX,77650000,77700000,-0.3304527377166946,B
chrX,77700000,77750000,-0.18267847815468574,B
chrX,77750000,77800000,-0.14322646113513207,B
chrX,77800000,77850000,-0.28046764800216517,B
chrX,77850000,77900000,-0.2120244699037065,B
chrX,77900000,77950000,-0.3670721678156126,B
chrX,77950000,78000000,-0.2870396388800052,B
chrX,78000000,78050000,-0.08101375914836254,B
chrX,78050000,78100000,-0.10682866148263923,B
chrX,78100000,78150000,-0.1679327868948449,B
chrX,78150000,78200000,-0.08196744568443579,B
chrX,78200000,78250000,-0.23460590564611122,B
chrX,78250000,78300000,-0.19982126333630362,B
chrX,78300000,78350000,-0.1770812868244031,B
chrX,78350000,78400000,-0.10544034952272843,B
chrX,78400000,78450000,-0.2590419809387438,B
chrX,78450000,78500000,-0.31814387600400185,B
chrX,78500000,78550000,-0.19535504498584225,B
chrX,78550000,78600000,-0.18279977229389174,B
chrX,78600000,78650000,-0.22698757696829205,B
chrX,78650000,78700000,-0.12299741159432835,B
chrX,78700000,78750000,-0.23265779982450993,B
chrX,78750000,78800000,-0.1748725976607658,B
chrX,78800000,78850000,-0.27531374945362036,B
chrX,78850000,78900000,-0.34542858152913325,B
chrX,78900000,78950000,-0.19527444883078188,B
chrX,78950000,79000000,-0.23108486397493416,B
chrX,79000000,79050000,-0.2740186545173483,B
chrX,79050000,79100000,-0.3633653405345352,B
chrX,79100000,79150000,-0.34301831303215474,B
chrX,79150000,79200000,-0.337672015434141,B
chrX,79200000,79250000,-0.38902510130936474,B
chrX,79250000,79300000,-0.5009720033259322,B
chrX,79300000,79350000,-0.4210296825023784,B
chrX,79350000,79400000,-0.386297034992078,B
chrX,79400000,79450000,-0.39586057490486287,B
chrX,79450000,79500000,-0.3226683279797392,B
chrX,79500000,79550000,-0.3426266956697489,B
chrX,79550000,79600000,-0.329777024523178,B
chrX,79600000,79650000,-0.4128105055067519,B
chrX,79650000,79700000,-0.35255179040763235,B
chrX,79700000,79750000,-0.40638351846388066,B
chrX,79750000,79800000,-0.3882958773270443,B
chrX,79800000,79850000,-0.4434037102828407,B
chrX,79850000,79900000,-0.40878195726435856,B
chrX,79900000,79950000,-0.2585353590692305,B
chrX,79950000,80000000,-0.25490138907516413,B
chrX,80000000,80050000,-0.4268029465557932,B
chrX,80050000,80100000,-0.19645275529950598,B
chrX,80100000,80150000,-0.3594776905843669,B
chrX,80150000,80200000,-0.3078961883775734,B
chrX,80200000,80250000,-0.332835630881863,B
chrX,80250000,80300000,-0.13787113998384387,B
chrX,80300000,80350000,-0.29573237037893213,B
chrX,80350000,80400000,-0.18790051240321554,B
chrX,80400000,80450000,-0.4407593171479079,B
chrX,80450000,80500000,-0.4662356647547558,B
chrX,80500000,80550000,-0.4716236503675683,B
chrX,80550000,80600000,-0.4078865229713523,B
chrX,80600000,80650000,-0.3977661058837574,B
chrX,80650000,80700000,-0.387724470531285,B
chrX,80700000,80750000,-0.49129142735319936,B
chrX,80750000,80800000,-0.363395058824471,B
chrX,80800000,80850000,-0.4530445996281887,B
chrX,80850000,80900000,-0.3647453761117872,B
chrX,80900000,80950000,-0.34445295758810357,B
chrX,80950000,81000000,-0.3721142405441921,B
chrX,81000000,81050000,-0.3678053283362405,B
chrX,81050000,81100000,-0.5091805059074828,B
chrX,81100000,81150000,-0.33835917538208843,B
chrX,81150000,81200000,-0.39053517640428526,B
chrX,81200000,81250000,-0.2864425585744149,B
chrX,81250000,81300000,-0.22122407122214244,B
chrX,81300000,81350000,-0.46979217599957174,B
chrX,81350000,81400000,-0.48346635536556054,B
chrX,81400000,81450000,-0.4953147424361617,B
chrX,81450000,81500000,-0.4657935202719618,B
chrX,81500000,81550000,-0.49492557530679543,B
chrX,81550000,81600000,-0.34188867280977653,B
chrX,81600000,81650000,-0.44392988869696126,B
chrX,81650000,81700000,-0.37475681908632763,B
chrX,81700000,81750000,-0.35270442925836143,B
chrX,81750000,81800000,-0.3549503035936692,B
chrX,81800000,81850000,-0.3129582517762106,B
chrX,81850000,81900000,-0.4238635110872636,B
chrX,81900000,81950000,-0.4044390431243346,B
chrX,81950000,82000000,-0.3342592561843258,B
chrX,82000000,82050000,-0.4691889854510774,B
chrX,82050000,82100000,-0.28787558519809514,B
chrX,82100000,82150000,-0.48018445109280666,B
chrX,82150000,82200000,-0.33612887772177974,B
chrX,82200000,82250000,-0.4681289152197589,B
chrX,82250000,82300000,-0.47595651444722215,B
chrX,82300000,82350000,-0.5142009029214402,B
chrX,82350000,82400000,-0.5286813500393244,B
chrX,82400000,82450000,-0.2473593703493096,B
chrX,82450000,82500000,-0.5204795019913391,B
chrX,82500000,82550000,-0.3827673183695204,B
chrX,82550000,82600000,-0.3410688368352959,B
chrX,82600000,82650000,-0.43430507936225626,B
chrX,82650000,82700000,-0.40588245489724184,B
chrX,82700000,82750000,-0.22811433095483444,B
chrX,82750000,82800000,-0.14574100912759191,B
chrX,82800000,82850000,-0.3854621087062662,B
chrX,82850000,82900000,-0.46177089403577437,B
chrX,82900000,82950000,-0.28663350324924725,B
chrX,82950000,83000000,-0.3206258721073236,B
chrX,83000000,83050000,-0.277912348944378,B
chrX,83050000,83100000,-0.25132543319083456,B
chrX,83100000,83150000,-0.37556807987344465,B
chrX,83150000,83200000,-0.3605397541982595,B
chrX,83200000,83250000,-0.38357353911586034,B
chrX,83250000,83300000,-0.44191368475995435,B
chrX,83300000,83350000,-0.38981844528793014,B
chrX,83350000,83400000,-0.37493170065520665,B
chrX,83400000,83450000,-0.3162805283216951,B
chrX,83450000,83500000,-0.4127394862644762,B
chrX,83500000,83550000,-0.32354987095930526,B
chrX,83550000,83600000,-0.33116026934623627,B
chrX,83600000,83650000,-0.41036380155952823,B
chrX,83650000,83700000,-0.2265933548917414,B
chrX,83700000,83750000,-0.39498609702999926,B
chrX,83750000,83800000,-0.47273270287490954,B
chrX,83800000,83850000,-0.4703469378428938,B
chrX,83850000,83900000,-0.2726113478730314,B
chrX,83900000,83950000,-0.3543892239007261,B
chrX,83950000,84000000,-0.37912000279851193,B
chrX,84000000,84050000,-0.3534854917117876,B
chrX,84050000,84100000,-0.31592228624587215,B
chrX,84100000,84150000,-0.35133872739014216,B
chrX,84150000,84200000,-0.28466853539204323,B
chrX,84200000,84250000,-0.5573388847126404,B
chrX,84250000,84300000,-0.4270859258591133,B
chrX,84300000,84350000,-0.44371310071643805,B
chrX,84350000,84400000,-0.3176497790736356,B
chrX,84400000,84450000,-0.4897470700382723,B
chrX,84450000,84500000,-0.4676253198115489,B
chrX,84500000,84550000,-0.49051284035418113,B
chrX,84550000,84600000,-0.5169014772999861,B
chrX,84600000,84650000,-0.34449685553169246,B
chrX,84650000,84700000,-0.5168324049337168,B
chrX,84700000,84750000,-0.5422942633932029,B
chrX,84750000,84800000,-0.4351691355451222,B
chrX,84800000,84850000,-0.3584157442938099,B
chrX,84850000,84900000,-0.42848928839718187,B
chrX,84900000,84950000,-0.41869451950063014,B
chrX,84950000,85000000,-0.34921147769366095,B
chrX,85000000,85050000,-0.39343895303706,B
chrX,85050000,85100000,-0.3298922969744519,B
chrX,85100000,85150000,-0.4863350751511251,B
chrX,85150000,85200000,-0.4663347844664764,B
chrX,85200000,85250000,-0.4834162892095135,B
chrX,85250000,85300000,-0.41045444827293287,B
chrX,85300000,85350000,-0.376744618094028,B
chrX,85350000,85400000,-0.6087382734562314,B
chrX,85400000,85450000,-0.5438796407846154,B
chrX,85450000,85500000,-0.32500150506630393,B
chrX,85500000,85550000,-0.44141946926054326,B
chrX,85550000,85600000,-0.5798230487209198,B
chrX,85600000,85650000,-0.5319482877807798,B
chrX,85650000,85700000,-0.3441482037668557,B
chrX,85700000,85750000,-0.5455497949717932,B
chrX,85750000,85800000,-0.24700879630059783,B
chrX,85800000,85850000,-0.5812299365818433,B
chrX,85850000,85900000,-0.4814420646257305,B
chrX,85900000,85950000,-0.4196782418590534,B
chrX,85950000,86000000,-0.5939337853721733,B
chrX,86000000,86050000,-0.4794492118113988,B
chrX,86050000,86100000,-0.5525934880197749,B
chrX,86100000,86150000,-0.29185857801569304,B
chrX,86150000,86200000,-0.4713056073169789,B
chrX,86200000,86250000,-0.590775218334138,B
chrX,86250000,86300000,-0.5324935260432413,B
chrX,86300000,86350000,-0.4632335837812458,B
chrX,86350000,86400000,-0.4918552000204361,B
chrX,86400000,86450000,-0.5318614747977485,B
chrX,86450000,86500000,-0.5144315360931254,B
chrX,86500000,86550000,-0.6342282525555201,B
chrX,86550000,86600000,-0.40227152906054375,B
chrX,86600000,86650000,-0.47955919936465286,B
chrX,86650000,86700000,-0.5721763386660335,B
chrX,86700000,86750000,-0.6223547690243982,B
chrX,86750000,86800000,-0.5128838592152886,B
chrX,86800000,86850000,-0.44007374437380103,B
chrX,86850000,86900000,-0.624169980950684,B
chrX,86900000,86950000,-0.5232442676671915,B
chrX,86950000,87000000,-0.2999006109429312,B
chrX,87000000,87050000,-0.5828998828320472,B
chrX,87050000,87100000,-0.5600959516172778,B
chrX,87100000,87150000,-0.5846388663664923,B
chrX,87150000,87200000,-0.5125379408365609,B
chrX,87200000,87250000,-0.5168186889550382,B
chrX,87250000,87300000,-0.5156819379674751,B
chrX,87300000,87350000,-0.5489609807899838,B
chrX,87350000,87400000,-0.4502390204450836,B
chrX,87400000,87450000,-0.44757760639601546,B
chrX,87450000,87500000,-0.4513009354158315,B
chrX,87500000,87550000,-0.44569368226585226,B
chrX,87550000,87600000,-0.4748687113825004,B
chrX,87600000,87650000,-0.47824228100506677,B
chrX,87650000,87700000,-0.5734579799357031,B
chrX,87700000,87750000,-0.4482622315380331,B
chrX,87750000,87800000,-0.662083941788771,B
chrX,87800000,87850000,-0.5513730857394825,B
chrX,87850000,87900000,-0.5186367110353471,B
chrX,87900000,87950000,-0.545663505805464,B
chrX,87950000,88000000,-0.5375215352056154,B
chrX,88000000,88050000,-0.4293199888993513,B
chrX,88050000,88100000,-0.5949101829212912,B
chrX,88100000,88150000,-0.5580803553037169,B
chrX,88150000,88200000,-0.44544725286516257,B
chrX,88200000,88250000,-0.46147511528593577,B
chrX,88250000,88300000,-0.5619975887335453,B
chrX,88300000,88350000,-0.5345904917514794,B
chrX,88350000,88400000,-0.5874125259185212,B
chrX,88400000,88450000,-0.4101591237914469,B
chrX,88450000,88500000,-0.7395521710260089,B
chrX,88500000,88550000,-0.6284930279611073,B
chrX,88550000,88600000,-0.4517791134344444,B
chrX,88600000,88650000,-0.5790701388253725,B
chrX,88650000,88700000,-0.433142948224631,B
chrX,88700000,88750000,-0.4968812787335632,B
chrX,88750000,88800000,-0.5560666247847502,B
chrX,88800000,88850000,-0.5315845392237531,B
chrX,88850000,88900000,-0.5369588472890839,B
chrX,88900000,88950000,-0.4444250746002065,B
chrX,88950000,89000000,,B
chrX,89000000,89050000,-0.7377805942046732,B
chrX,89050000,89100000,-0.715688438154997,B
chrX,89100000,89150000,-0.6924682372007733,B
chrX,89150000,89200000,-0.6085922321844148,B
chrX,89200000,89250000,,B
chrX,89250000,89300000,,B
chrX,89300000,89350000,,B
chrX,89350000,89400000,,B
chrX,89400000,89450000,,B
chrX,89450000,89500000,,B
chrX,89500000,89550000,,B
chrX,89550000,89600000,,B
chrX,89600000,89650000,,B
chrX,89650000,89700000,,B
chrX,89700000,89750000,,B
chrX,89750000,89800000,,B
chrX,89800000,89850000,,B
chrX,89850000,89900000,,B
chrX,89900000,89950000,,B
chrX,89950000,90000000,,B
chrX,90000000,90050000,-0.48310032506172024,B
chrX,90050000,90100000,-0.6607308031507254,B
chrX,90100000,90150000,,B
chrX,90150000,90200000,,B
chrX,90200000,90250000,,B
chrX,90250000,90300000,,B
chrX,90300000,90350000,,B
chrX,90350000,90400000,,B
chrX,90400000,90450000,,B
chrX,90450000,90500000,,B
chrX,90500000,90550000,,B
chrX,90550000,90600000,,B
chrX,90600000,90650000,,B
chrX,90650000,90700000,,B
chrX,90700000,90750000,,B
chrX,90750000,90800000,,B
chrX,90800000,90850000,,B
chrX,90850000,90900000,,B
chrX,90900000,90950000,,B
chrX,90950000,91000000,,B
chrX,91000000,91050000,,B
chrX,91050000,91100000,-0.5842211827012165,B
chrX,91100000,91150000,-0.6142220829969286,B
chrX,91150000,91200000,,B
chrX,91200000,91250000,,B
chrX,91250000,91300000,-0.3991807094530177,B
chrX,91300000,91350000,-0.4351118196966668,B
chrX,91350000,91400000,-0.31473447211315814,B
chrX,91400000,91450000,-0.40608598566713844,B
chrX,91450000,91500000,-0.45371599122831335,B
chrX,91500000,91550000,,B
chrX,91550000,91600000,,B
chrX,91600000,91650000,,B
chrX,91650000,91700000,,B
chrX,91700000,91750000,-0.3680937960780258,B
chrX,91750000,91800000,,B
chrX,91800000,91850000,,B
chrX,91850000,91900000,,B
chrX,91900000,91950000,,B
chrX,91950000,92000000,,B
chrX,92000000,92050000,,B
chrX,92050000,92100000,,B
chrX,92100000,92150000,,B
chrX,92150000,92200000,,B
chrX,92200000,92250000,-0.6341882230643034,B
chrX,92250000,92300000,-0.6694824584100143,B
chrX,92300000,92350000,,B
chrX,92350000,92400000,,B
chrX,92400000,92450000,,B
chrX,92450000,92500000,,B
chrX,92500000,92550000,,B
chrX,92550000,92600000,,B
chrX,92600000,92650000,,B
chrX,92650000,92700000,,B
chrX,92700000,92750000,,B
chrX,92750000,92800000,,B
chrX,92800000,92850000,,B
chrX,92850000,92900000,,B
chrX,92900000,92950000,,B
chrX,92950000,93000000,,B
chrX,93000000,93050000,,B
chrX,93050000,93100000,,B
chrX,93100000,93150000,-0.4073451511338685,B
chrX,93150000,93200000,-0.4425784181549565,B
chrX,93200000,93250000,-0.20538276371007233,B
chrX,93250000,93300000,-0.5482232877577791,B
chrX,93300000,93350000,-0.5231551681933378,B
chrX,93350000,93400000,-0.3942713719320959,B
chrX,93400000,93450000,-0.4066959636797219,B
chrX,93450000,93500000,-0.5192897564215063,B
chrX,93500000,93550000,-0.24911690421568997,B
chrX,93550000,93600000,-0.32630283877162686,B
chrX,93600000,93650000,-0.39038501239813583,B
chrX,93650000,93700000,-0.4631245304609206,B
chrX,93700000,93750000,-0.41172908088502136,B
chrX,93750000,93800000,-0.4997202190082823,B
chrX,93800000,93850000,-0.4221243807390684,B
chrX,93850000,93900000,-0.4721173102965188,B
chrX,93900000,93950000,-0.3159353051833181,B
chrX,93950000,94000000,-0.3909002895272511,B
chrX,94000000,94050000,-0.38527088909551926,B
chrX,94050000,94100000,-0.6238047247059177,B
chrX,94100000,94150000,-0.38370604263351543,B
chrX,94150000,94200000,-0.2910837647224691,B
chrX,94200000,94250000,-0.4452242545181893,B
chrX,94250000,94300000,-0.3631254990534992,B
chrX,94300000,94350000,-0.274434258718487,B
chrX,94350000,94400000,-0.2667349867193357,B
chrX,94400000,94450000,-0.15591925871667422,B
chrX,94450000,94500000,-0.351149291021962,B
chrX,94500000,94550000,-0.3438248611176891,B
chrX,94550000,94600000,-0.16248802092891218,B
chrX,94600000,94650000,-0.3529902981675553,B
chrX,94650000,94700000,-0.44850139452416693,B
chrX,94700000,94750000,-0.35775292718828333,B
chrX,94750000,94800000,-0.32843323518281997,B
chrX,94800000,94850000,-0.37930867126220646,B
chrX,94850000,94900000,-0.20981998452800796,B
chrX,94900000,94950000,-0.24982741351661075,B
chrX,94950000,95000000,-0.34205404239651954,B
chrX,95000000,95050000,-0.20086005873020987,B
chrX,95050000,95100000,-0.20774090027668737,B
chrX,95100000,95150000,-0.2600586434833082,B
chrX,95150000,95200000,-0.33373964014281127,B
chrX,95200000,95250000,-0.3661861339280821,B
chrX,95250000,95300000,-0.3616081556941057,B
chrX,95300000,95350000,-0.4480291336974307,B
chrX,95350000,95400000,-0.2959285770025442,B
chrX,95400000,95450000,-0.3240178448735593,B
chrX,95450000,95500000,-0.3085252063338153,B
chrX,95500000,95550000,-0.36905134388094835,B
chrX,95550000,95600000,-0.2875827122411163,B
chrX,95600000,95650000,-0.30674585698959117,B
chrX,95650000,95700000,-0.25319677775716987,B
chrX,95700000,95750000,-0.38533852871946794,B
chrX,95750000,95800000,-0.28315007397130726,B
chrX,95800000,95850000,-0.5993985656499764,B
chrX,95850000,95900000,-0.31211758587086297,B
chrX,95900000,95950000,-0.17263304696799525,B
chrX,95950000,96000000,-0.33518318572600303,B
chrX,96000000,96050000,-0.17309822251685278,B
chrX,96050000,96100000,-0.4029685534974154,B
chrX,96100000,96150000,-0.3882528985217302,B
chrX,96150000,96200000,-0.21838759468733324,B
chrX,96200000,96250000,-0.1454604505423011,B
chrX,96250000,96300000,-0.1105112259788143,B
chrX,96300000,96350000,-0.23472276422871907,B
chrX,96350000,96400000,-0.24999737998246055,B
chrX,96400000,96450000,-0.2441663783697553,B
chrX,96450000,96500000,-0.23440800422314093,B
chrX,96500000,96550000,-0.16559458089127088,B
chrX,96550000,96600000,-0.4762261400603804,B
chrX,96600000,96650000,-0.3343141961697295,B
chrX,96650000,96700000,-0.2380032090671176,B
chrX,96700000,96750000,-0.3408332539113205,B
chrX,96750000,96800000,-0.17189624781573362,B
chrX,96800000,96850000,-0.29813855533488354,B
chrX,96850000,96900000,-0.4742759246297433,B
chrX,96900000,96950000,-0.4316710752986636,B
chrX,96950000,97000000,-0.3036509270497278,B
chrX,97000000,97050000,-0.30460167587768416,B
chrX,97050000,97100000,-0.40152005079670283,B
chrX,97100000,97150000,-0.19420185224932454,B
chrX,97150000,97200000,-0.27001827104857384,B
chrX,97200000,97250000,-0.3669584691745717,B
chrX,97250000,97300000,-0.2059480749576515,B
chrX,97300000,97350000,-0.25456447397858817,B
chrX,97350000,97400000,-0.06743967627859751,B
chrX,97400000,97450000,-0.24428001993583068,B
chrX,97450000,97500000,-0.3281446423847055,B
chrX,97500000,97550000,-0.3748965096939422,B
chrX,97550000,97600000,-0.39466954317482866,B
chrX,97600000,97650000,-0.23140982950818828,B
chrX,97650000,97700000,-0.23144170323267432,B
chrX,97700000,97750000,-0.2149867164719891,B
chrX,97750000,97800000,-0.23176941592612016,B
chrX,97800000,97850000,-0.14917083053754643,B
chrX,97850000,97900000,-0.1523519390425059,B
chrX,97900000,97950000,-0.23362223640437235,B
chrX,97950000,98000000,-0.24449598356215088,B
chrX,98000000,98050000,-0.17386565107397634,B
chrX,98050000,98100000,-0.22709611048724668,B
chrX,98100000,98150000,-0.2743491755776285,B
chrX,98150000,98200000,-0.16326630674625087,B
chrX,98200000,98250000,-0.27272112704359885,B
chrX,98250000,98300000,-0.26259894238289766,B
chrX,98300000,98350000,-0.2553767798436817,B
chrX,98350000,98400000,-0.26001124901957834,B
chrX,98400000,98450000,-0.2820574581647405,B
chrX,98450000,98500000,-0.29085565194212193,B
chrX,98500000,98550000,-0.267542390486811,B
chrX,98550000,98600000,-0.30298194842274145,B
chrX,98600000,98650000,-0.20309418685361308,B
chrX,98650000,98700000,-0.37319741213089197,B
chrX,98700000,98750000,-0.28825526507266336,B
chrX,98750000,98800000,-0.3204125325509004,B
chrX,98800000,98850000,-0.2928320431431855,B
chrX,98850000,98900000,-0.20141305923302863,B
chrX,98900000,98950000,-0.3808896755583704,B
chrX,98950000,99000000,-0.22509972514605595,B
chrX,99000000,99050000,-0.29015735027201617,B
chrX,99050000,99100000,-0.05097326430827229,B
chrX,99100000,99150000,-0.1562006638484868,B
chrX,99150000,99200000,-0.09037988278968082,B
chrX,99200000,99250000,-0.21809308812245287,B
chrX,99250000,99300000,-0.19118851958784946,B
chrX,99300000,99350000,-0.327189998596891,B
chrX,99350000,99400000,-0.38311739800440264,B
chrX,99400000,99450000,-0.40012647900993703,B
chrX,99450000,99500000,-0.3855541649972984,B
chrX,99500000,99550000,-0.33796314737329824,B
chrX,99550000,99600000,-0.28367807423581093,B
chrX,99600000,99650000,-0.1528475855095208,B
chrX,99650000,99700000,-0.21469837986438303,B
chrX,99700000,99750000,-0.3805301475736959,B
chrX,99750000,99800000,-0.4018273473062005,B
chrX,99800000,99850000,-0.40600146247353963,B
chrX,99850000,99900000,-0.45385404127480433,B
chrX,99900000,99950000,-0.3661390335051535,B
chrX,99950000,100000000,-0.35284290322532685,B
chrX,100000000,100050000,-0.24704852426778076,B
chrX,100050000,100100000,-0.24472708130786996,B
chrX,100100000,100150000,-0.22253790928338618,B
chrX,100150000,100200000,-0.16468310449128665,B
chrX,100200000,100250000,-0.13702306558013877,B
chrX,100250000,100300000,-0.10060154212377061,B
chrX,100300000,100350000,-0.16062546391704888,B
chrX,100350000,100400000,-0.04874720040192477,B
chrX,100400000,100450000,-0.1497384159488231,B
chrX,100450000,100500000,-0.2263131932137213,B
chrX,100500000,100550000,-0.2619591286868867,B
chrX,100550000,100600000,-0.13451662685938273,B
chrX,100600000,100650000,-0.12606832018763953,B
chrX,100650000,100700000,-0.06331133616601224,B
chrX,100700000,100750000,0.09843747761137708,A
chrX,100750000,100800000,-0.09946200404870907,B
chrX,100800000,100850000,-0.1060641702716719,B
chrX,100850000,100900000,-0.13862836967202075,B
chrX,100900000,100950000,-0.05737764933853176,B
chrX,100950000,101000000,-0.22790551350273275,B
chrX,101000000,101050000,0.028153011700002895,A
chrX,101050000,101100000,0.07202558979059737,A
chrX,101100000,101150000,0.10940338145319904,A
chrX,101150000,101200000,-0.046810092218827766,B
chrX,101200000,101250000,0.06712620225161142,A
chrX,101250000,101300000,0.22864544181563407,A
chrX,101300000,101350000,0.29312709173437745,A
chrX,101350000,101400000,0.19954199040813242,A
chrX,101400000,101450000,0.25343286370603874,A
chrX,101450000,101500000,0.04939065613712659,A
chrX,101500000,101550000,-0.03184918273951886,B
chrX,101550000,101600000,0.09801612546441245,A
chrX,101600000,101650000,0.19735800389746513,A
chrX,101650000,101700000,0.01718610195731138,A
chrX,101700000,101750000,-0.1135284371537094,B
chrX,101750000,101800000,-0.2100976868284419,B
chrX,101800000,101850000,-0.2480073375082371,B
chrX,101850000,101900000,-0.15411419994516862,B
chrX,101900000,101950000,-0.07236695721747378,B
chrX,101950000,102000000,-0.08572920397471724,B
chrX,102000000,102050000,-0.04816939900352448,B
chrX,102050000,102100000,-0.021625904889233424,B
chrX,102100000,102150000,-0.03165305774757903,B
chrX,102150000,102200000,-0.16530366904895286,B
chrX,102200000,102250000,,B
chrX,102250000,102300000,,B
chrX,102300000,102350000,,B
chrX,102350000,102400000,,B
chrX,102400000,102450000,,B
chrX,102450000,102500000,,B
chrX,102500000,102550000,-0.05543150264671893,B
chrX,102550000,102600000,-0.1274697177229917,B
chrX,102600000,102650000,-0.32317714969392397,B
chrX,102650000,102700000,-0.22761647526124879,B
chrX,102700000,102750000,-0.1748589197142877,B
chrX,102750000,102800000,-0.18897086636813837,B
chrX,102800000,102850000,-0.20369434206809328,B
chrX,102850000,102900000,-0.25733532836026346,B
chrX,102900000,102950000,-0.17877038979912319,B
chrX,102950000,103000000,0.09236156355849752,A
chrX,103000000,103050000,0.000721497552239192,A
chrX,103050000,103100000,-0.026745734525955866,B
chrX,103100000,103150000,0.02202773664714956,A
chrX,103150000,103200000,-0.045059984683362496,B
chrX,103200000,103250000,-0.21386994751887797,B
chrX,103250000,103300000,-0.004121436216921741,B
chrX,103300000,103350000,-0.23264361024884694,B
chrX,103350000,103400000,-0.05736469024828104,B
chrX,103400000,103450000,-0.16327325931216452,B
chrX,103450000,103500000,-0.14499904608593597,B
chrX,103500000,103550000,-0.17888299800408652,B
chrX,103550000,103600000,-0.21074011216028665,B
chrX,103600000,103650000,-0.3208552799371404,B
chrX,103650000,103700000,-0.1618327085874101,B
chrX,103700000,103750000,-0.14487710315054128,B
chrX,103750000,103800000,-0.16230562791061096,B
chrX,103800000,103850000,-0.05104248983074093,B
chrX,103850000,103900000,-0.34581640087001325,B
chrX,103900000,103950000,-0.11681398391050814,B
chrX,103950000,104000000,,B
chrX,104000000,104050000,0.007270300210168368,A
chrX,104050000,104100000,,B
chrX,104100000,104150000,-0.07192698927810927,B
chrX,104150000,104200000,-0.1618577904233605,B
chrX,104200000,104250000,-0.11940803993462887,B
chrX,104250000,104300000,0.10101229913715594,A
chrX,104300000,104350000,0.09576934786874679,A
chrX,104350000,104400000,0.11205093982640561,A
chrX,104400000,104450000,-0.21651954599425166,B
chrX,104450000,104500000,0.05458838602638607,A
chrX,104500000,104550000,-0.04237409615043871,B
chrX,104550000,104600000,-0.0962931330503816,B
chrX,104600000,104650000,-0.23755357755957798,B
chrX,104650000,104700000,-0.04162481624375868,B
chrX,104700000,104750000,0.04205965951937522,A
chrX,104750000,104800000,-0.03490943495251304,B
chrX,104800000,104850000,0.024828721040247963,A
chrX,104850000,104900000,0.17246282269859944,A
chrX,104900000,104950000,0.005882508283874122,A
chrX,104950000,105000000,0.15705551656540034,A
chrX,105000000,105050000,0.18505248777807332,A
chrX,105050000,105100000,0.14560341830748483,A
chrX,105100000,105150000,0.17528823152331297,A
chrX,105150000,105200000,0.24377910350143167,A
chrX,105200000,105250000,0.2800498877497492,A
chrX,105250000,105300000,0.17381723462559406,A
chrX,105300000,105350000,0.1724312752741855,A
chrX,105350000,105400000,0.1743199921001607,A
chrX,105400000,105450000,0.07943354881854107,A
chrX,105450000,105500000,0.32774636811855384,A
chrX,105500000,105550000,0.3305479820116889,A
chrX,105550000,105600000,0.4115547059501411,A
chrX,105600000,105650000,0.3650263286882025,A
chrX,105650000,105700000,0.3561942738168338,A
chrX,105700000,105750000,0.19756174845788643,A
chrX,105750000,105800000,0.2813007710621004,A
chrX,105800000,105850000,0.1189488054356194,A
chrX,105850000,105900000,0.23219620857509418,A
chrX,105900000,105950000,0.2666421640033427,A
chrX,105950000,106000000,0.28635141422452287,A
chrX,106000000,106050000,0.1584379223991424,A
chrX,106050000,106100000,0.13818873158731249,A
chrX,106100000,106150000,0.06479055648854623,A
chrX,106150000,106200000,0.13369652552985908,A
chrX,106200000,106250000,0.17983729753999703,A
chrX,106250000,106300000,,B
chrX,106300000,106350000,0.09888154125889435,A
chrX,106350000,106400000,0.07135387761454724,A
chrX,106400000,106450000,-0.03113915158956249,B
chrX,106450000,106500000,0.15907024809082604,A
chrX,106500000,106550000,0.2796533506210848,A
chrX,106550000,106600000,0.11745644919382961,A
chrX,106600000,106650000,0.16971530059411763,A
chrX,106650000,106700000,0.24033848404135616,A
chrX,106700000,106750000,0.09383288941988731,A
chrX,106750000,106800000,0.10662529173808519,A
chrX,106800000,106850000,0.12165251835036274,A
chrX,106850000,106900000,0.32945359235232097,A
chrX,106900000,106950000,0.19652930005169147,A
chrX,106950000,107000000,0.12927962392659123,A
chrX,107000000,107050000,0.14393315829738274,A
chrX,107050000,107100000,0.2806567947678397,A
chrX,107100000,107150000,0.1756969701754059,A
chrX,107150000,107200000,0.14252447839562837,A
chrX,107200000,107250000,-0.028833275577196307,B
chrX,107250000,107300000,0.04882102110420304,A
chrX,107300000,107350000,0.21802026298050858,A
chrX,107350000,107400000,0.052790270644954944,A
chrX,107400000,107450000,0.14576147576359133,A
chrX,107450000,107500000,0.3787861270851714,A
chrX,107500000,107550000,0.28615238227602524,A
chrX,107550000,107600000,0.05196522776808883,A
chrX,107600000,107650000,0.2136504884399343,A
chrX,107650000,107700000,0.14790899622338008,A
chrX,107700000,107750000,0.2840747339958812,A
chrX,107750000,107800000,0.22974096908819597,A
chrX,107800000,107850000,0.14868232555834374,A
chrX,107850000,107900000,0.11569104067970325,A
chrX,107900000,107950000,0.13052862213928895,A
chrX,107950000,108000000,0.2068361960651481,A
chrX,108000000,108050000,0.28485971682118727,A
chrX,108050000,108100000,0.108397034661586,A
chrX,108100000,108150000,0.20787794967589565,A
chrX,108150000,108200000,0.3633476732541343,A
chrX,108200000,108250000,0.2099893249973765,A
chrX,108250000,108300000,0.16043218258799322,A
chrX,108300000,108350000,0.16176411659707324,A
chrX,108350000,108400000,0.22261326574051063,A
chrX,108400000,108450000,0.1599009197101619,A
chrX,108450000,108500000,0.21768265942865336,A
chrX,108500000,108550000,0.1323185845131859,A
chrX,108550000,108600000,0.03926392736877043,A
chrX,108600000,108650000,0.11612220998538696,A
chrX,108650000,108700000,0.1094348658018705,A
chrX,108700000,108750000,-0.05963352240519452,B
chrX,108750000,108800000,-0.027928961887991984,B
chrX,108800000,108850000,0.04316886054795786,A
chrX,108850000,108900000,-0.0458459443068529,B
chrX,108900000,108950000,0.07831641440707163,A
chrX,108950000,109000000,-0.06738669947665957,B
chrX,109000000,109050000,-0.030937691001379723,B
chrX,109050000,109100000,-0.011405813488874247,B
chrX,109100000,109150000,-0.14024509182071432,B
chrX,109150000,109200000,-0.017503750246119887,B
chrX,109200000,109250000,0.1414882658195055,A
chrX,109250000,109300000,0.03588749327258103,A
chrX,109300000,109350000,0.29630733549870536,A
chrX,109350000,109400000,0.1390597754237016,A
chrX,109400000,109450000,0.17940230775631838,A
chrX,109450000,109500000,0.35796360096319507,A
chrX,109500000,109550000,0.1521077472635294,A
chrX,109550000,109600000,0.17246094980257384,A
chrX,109600000,109650000,0.34982339215992325,A
chrX,109650000,109700000,0.18537364118502558,A
chrX,109700000,109750000,0.4722305939245525,A
chrX,109750000,109800000,0.37546444371294824,A
chrX,109800000,109850000,0.3947249272456572,A
chrX,109850000,109900000,0.37587560821454624,A
chrX,109900000,109950000,0.3292024574493345,A
chrX,109950000,110000000,0.5592751761484206,A
chrX,110000000,110050000,0.5661945885930852,A
chrX,110050000,110100000,0.3753309377812057,A
chrX,110100000,110150000,0.27289071710234175,A
chrX,110150000,110200000,0.4798260334642226,A
chrX,110200000,110250000,0.2821826821542258,A
chrX,110250000,110300000,0.49933079071814906,A
chrX,110300000,110350000,0.41109299032794244,A
chrX,110350000,110400000,0.3348868421229654,A
chrX,110400000,110450000,0.27396125207611965,A
chrX,110450000,110500000,0.12650488907875834,A
chrX,110500000,110550000,0.2970326772054551,A
chrX,110550000,110600000,0.158990822720867,A
chrX,110600000,110650000,0.45525996319072093,A
chrX,110650000,110700000,0.1766017960925584,A
chrX,110700000,110750000,0.31552184553704865,A
chrX,110750000,110800000,0.12433707859097716,A
chrX,110800000,110850000,0.3112582582832281,A
chrX,110850000,110900000,0.24519534859065045,A
chrX,110900000,110950000,0.3064502465431992,A
chrX,110950000,111000000,0.2611367550880272,A
chrX,111000000,111050000,0.15462743011561572,A
chrX,111050000,111100000,0.18523014779073083,A
chrX,111100000,111150000,0.36915734738899714,A
chrX,111150000,111200000,0.4496154956482153,A
chrX,111200000,111250000,0.16668217516276648,A
chrX,111250000,111300000,0.2700434955487775,A
chrX,111300000,111350000,0.16458409744014915,A
chrX,111350000,111400000,0.04899816518013304,A
chrX,111400000,111450000,0.2741520039176381,A
chrX,111450000,111500000,0.2590582248590118,A
chrX,111500000,111550000,0.3103109774367764,A
chrX,111550000,111600000,0.13413850483737294,A
chrX,111600000,111650000,0.21148707908478456,A
chrX,111650000,111700000,0.21588653478461503,A
chrX,111700000,111750000,0.1942722460833006,A
chrX,111750000,111800000,0.15239299563197733,A
chrX,111800000,111850000,0.16000828121660926,A
chrX,111850000,111900000,0.15623969638771304,A
chrX,111900000,111950000,0.2843373546306445,A
chrX,111950000,112000000,0.20966960282120328,A
chrX,112000000,112050000,0.26318085312285994,A
chrX,112050000,112100000,0.2396332459513321,A
chrX,112100000,112150000,0.2309921768814436,A
chrX,112150000,112200000,0.1980019956980565,A
chrX,112200000,112250000,0.11653828300048301,A
chrX,112250000,112300000,0.2619842563846433,A
chrX,112300000,112350000,0.14668401381092883,A
chrX,112350000,112400000,0.07588115262112663,A
chrX,112400000,112450000,0.1745608296801105,A
chrX,112450000,112500000,0.11876389653439996,A
chrX,112500000,112550000,0.038558180441126765,A
chrX,112550000,112600000,-0.001375613986840972,B
chrX,112600000,112650000,0.0451036733578164,A
chrX,112650000,112700000,0.08127811214923292,A
chrX,112700000,112750000,0.05350588074761259,A
chrX,112750000,112800000,0.18793560846048835,A
chrX,112800000,112850000,-0.03478958507473433,B
chrX,112850000,112900000,0.10832999102484338,A
chrX,112900000,112950000,0.037332364351945056,A
chrX,112950000,113000000,-0.022818678163668095,B
chrX,113000000,113050000,0.010385347021859124,A
chrX,113050000,113100000,0.08310834979714617,A
chrX,113100000,113150000,0.010785589787398745,A
chrX,113150000,113200000,0.25442697958470395,A
chrX,113200000,113250000,-0.08436231895867224,B
chrX,113250000,113300000,0.1735391944206064,A
chrX,113300000,113350000,0.03454985737914064,A
chrX,113350000,113400000,0.17906747809895288,A
chrX,113400000,113450000,0.2918849551639599,A
chrX,113450000,113500000,0.10056225294726115,A
chrX,113500000,113550000,0.0036674029013151564,A
chrX,113550000,113600000,0.17192232249425143,A
chrX,113600000,113650000,0.10415214034747257,A
chrX,113650000,113700000,0.15727639259773682,A
chrX,113700000,113750000,0.14854152814155255,A
chrX,113750000,113800000,0.17401167843956708,A
chrX,113800000,113850000,0.1156183050876011,A
chrX,113850000,113900000,-0.020153694941640602,B
chrX,113900000,113950000,-0.04958217571977384,B
chrX,113950000,114000000,-0.10308161002203495,B
chrX,114000000,114050000,0.04509932122530663,A
chrX,114050000,114100000,0.30693323340630674,A
chrX,114100000,114150000,0.21105931239321746,A
chrX,114150000,114200000,0.06620731681523485,A
chrX,114200000,114250000,0.04870922230551887,A
chrX,114250000,114300000,,B
chrX,114300000,114350000,,B
chrX,114350000,114400000,-0.09487181563513376,B
chrX,114400000,114450000,-0.03725316074186279,B
chrX,114450000,114500000,0.0868656312354739,A
chrX,114500000,114550000,0.2559680332072072,A
chrX,114550000,114600000,0.05222386588607114,A
chrX,114600000,114650000,-0.003011486737988262,B
chrX,114650000,114700000,-0.19612570548519162,B
chrX,114700000,114750000,0.16870663722671125,A
chrX,114750000,114800000,-0.015458743015176244,B
chrX,114800000,114850000,0.09311811335400454,A
chrX,114850000,114900000,0.157431479533997,A
chrX,114900000,114950000,0.1625811204214443,A
chrX,114950000,115000000,0.17725794914507445,A
chrX,115000000,115050000,-0.019605168707343086,B
chrX,115050000,115100000,-0.0789777997861611,B
chrX,115100000,115150000,-0.0985239675724933,B
chrX,115150000,115200000,-0.04064054124583003,B
chrX,115200000,115250000,0.0417911558785814,A
chrX,115250000,115300000,-0.17237965206942388,B
chrX,115300000,115350000,-0.032958978160390826,B
chrX,115350000,115400000,0.007915009934387412,A
chrX,115400000,115450000,0.017643923068054554,A
chrX,115450000,115500000,-0.14685951598675806,B
chrX,115500000,115550000,-0.07094128718271618,B
chrX,115550000,115600000,-0.006701161870111351,B
chrX,115600000,115650000,-0.35977045571010247,B
chrX,115650000,115700000,-0.06598772567883485,B
chrX,115700000,115750000,,B
chrX,115750000,115800000,,B
chrX,115800000,115850000,,B
chrX,115850000,115900000,,B
chrX,115900000,115950000,-0.11677257473567208,B
chrX,115950000,116000000,-0.194996204985091,B
chrX,116000000,116050000,-0.19777739997216462,B
chrX,116050000,116100000,-0.1782222924345656,B
chrX,116100000,116150000,-0.21500319370036755,B
chrX,116150000,116200000,-0.07960498652606837,B
chrX,116200000,116250000,-0.11606261485372149,B
chrX,116250000,116300000,-0.2794916862135561,B
chrX,116300000,116350000,-0.16676540390618927,B
chrX,116350000,116400000,-0.28111675308794964,B
chrX,116400000,116450000,-0.14927735541243572,B
chrX,116450000,116500000,-0.18856083670268062,B
chrX,116500000,116550000,-0.29407429824691583,B
chrX,116550000,116600000,,B
chrX,116600000,116650000,-0.21411169000076694,B
chrX,116650000,116700000,-0.06669050819094516,B
chrX,116700000,116750000,0.060230764816921536,A
chrX,116750000,116800000,-0.30253094828431315,B
chrX,116800000,116850000,-0.3359016159377729,B
chrX,116850000,116900000,-0.13240281488933675,B
chrX,116900000,116950000,-0.22131276584605208,B
chrX,116950000,117000000,0.05551508193351272,A
chrX,117000000,117050000,-0.23028953682167405,B
chrX,117050000,117100000,-0.2307985941065095,B
chrX,117100000,117150000,-0.28165689015052137,B
chrX,117150000,117200000,-0.1646345790522184,B
chrX,117200000,117250000,-0.08093635161185105,B
chrX,117250000,117300000,-0.017583507499617596,B
chrX,117300000,117350000,-0.1487135327544175,B
chrX,117350000,117400000,-0.02913452632838147,B
chrX,117400000,117450000,-0.005799883621480159,B
chrX,117450000,117500000,-0.07883539672137323,B
chrX,117500000,117550000,-0.03319818020243695,B
chrX,117550000,117600000,-0.12781064182075905,B
chrX,117600000,117650000,-0.2501531319002831,B
chrX,117650000,117700000,-0.20165272335840678,B
chrX,117700000,117750000,-0.11365304303738898,B
chrX,117750000,117800000,-0.24847441381919305,B
chrX,117800000,117850000,-0.09050396853908055,B
chrX,117850000,117900000,-0.22320111679216098,B
chrX,117900000,117950000,-0.17477225062205515,B
chrX,117950000,118000000,-0.18513563517392226,B
chrX,118000000,118050000,-0.16983721659557893,B
chrX,118050000,118100000,0.1210701254305776,A
chrX,118100000,118150000,0.013987445810407765,A
chrX,118150000,118200000,-0.03183821018530402,B
chrX,118200000,118250000,-0.05801338602662697,B
chrX,118250000,118300000,0.013023814758080158,A
chrX,118300000,118350000,0.10854683258789881,A
chrX,118350000,118400000,-0.0014802920688680894,B
chrX,118400000,118450000,0.0519566540421271,A
chrX,118450000,118500000,0.049799397627325756,A
chrX,118500000,118550000,-0.005062909728839997,B
chrX,118550000,118600000,-0.034595328302192176,B
chrX,118600000,118650000,-0.17922127781431282,B
chrX,118650000,118700000,-0.08580785524065655,B
chrX,118700000,118750000,-0.08260342647319154,B
chrX,118750000,118800000,-0.06599404594327635,B
chrX,118800000,118850000,-0.00723929826248904,B
chrX,118850000,118900000,0.08723884367278248,A
chrX,118900000,118950000,0.0607545553600879,A
chrX,118950000,119000000,0.13633961411200732,A
chrX,119000000,119050000,0.2419051035392401,A
chrX,119050000,119100000,0.058134223676162236,A
chrX,119100000,119150000,-0.030337660641499616,B
chrX,119150000,119200000,-0.08593666370773496,B
chrX,119200000,119250000,0.2059109726831958,A
chrX,119250000,119300000,0.15901248154300038,A
chrX,119300000,119350000,0.15082701103697954,A
chrX,119350000,119400000,0.16763132319270643,A
chrX,119400000,119450000,0.19415408359351918,A
chrX,119450000,119500000,0.023332873160773242,A
chrX,119500000,119550000,0.017368274287540064,A
chrX,119550000,119600000,0.03065083179202195,A
chrX,119600000,119650000,-0.23408318536172645,B
chrX,119650000,119700000,-0.167261281867198,B
chrX,119700000,119750000,0.0031065960826531084,A
chrX,119750000,119800000,0.028773260001831703,A
chrX,119800000,119850000,0.02447095415848839,A
chrX,119850000,119900000,-0.02585977741476114,B
chrX,119900000,119950000,-0.012254715282811472,B
chrX,119950000,120000000,-0.1733094514766693,B
chrX,120000000,120050000,-0.08897956197617375,B
chrX,120050000,120100000,,B
chrX,120100000,120150000,-0.16697892915730767,B
chrX,120150000,120200000,,B
chrX,120200000,120250000,-0.02917117172500825,B
chrX,120250000,120300000,0.10987029265667739,A
chrX,120300000,120350000,-0.05695364812857891,B
chrX,120350000,120400000,0.0750631486580811,A
chrX,120400000,120450000,0.016390990014519127,A
chrX,120450000,120500000,0.0801579935591247,A
chrX,120500000,120550000,-0.08084630133421733,B
chrX,120550000,120600000,0.12812916677873196,A
chrX,120600000,120650000,0.15938985960948862,A
chrX,120650000,120700000,0.03565230097096879,A
chrX,120700000,120750000,0.031545071437247704,A
chrX,120750000,120800000,-0.07025949685487848,B
chrX,120800000,120850000,0.011157948834584517,A
chrX,120850000,120900000,0.1475061003598215,A
chrX,120900000,120950000,,B
chrX,120950000,121000000,,B
chrX,121000000,121050000,0.0022757761575416713,A
chrX,121050000,121100000,-0.2395960284610694,B
chrX,121100000,121150000,-0.21748190237683113,B
chrX,121150000,121200000,-0.00034078403700081654,B
chrX,121200000,121250000,-0.1788456486725755,B
chrX,121250000,121300000,-0.18964930283021803,B
chrX,121300000,121350000,-0.1454521172350002,B
chrX,121350000,121400000,-0.026806526143911526,B
chrX,121400000,121450000,-0.257241089035168,B
chrX,121450000,121500000,-0.03160560926018293,B
chrX,121500000,121550000,-0.15006641500468082,B
chrX,121550000,121600000,-0.05475214439698045,B
chrX,121600000,121650000,-0.024583668242963947,B
chrX,121650000,121700000,0.02460800526271071,A
chrX,121700000,121750000,-0.14887591272634806,B
chrX,121750000,121800000,-0.17936402560418235,B
chrX,121800000,121850000,0.007019606190926748,A
chrX,121850000,121900000,-0.024310516696695265,B
chrX,121900000,121950000,-0.0391605030415957,B
chrX,121950000,122000000,-0.06563461859995753,B
chrX,122000000,122050000,-0.14543903631562274,B
chrX,122050000,122100000,-0.0027739111175824533,B
chrX,122100000,122150000,-0.14152603219569546,B
chrX,122150000,122200000,-0.18565086143196882,B
chrX,122200000,122250000,-0.14710469471678064,B
chrX,122250000,122300000,-0.16307240343162427,B
chrX,122300000,122350000,-0.24443750281938295,B
chrX,122350000,122400000,-0.2817153228988756,B
chrX,122400000,122450000,-0.2314993552049034,B
chrX,122450000,122500000,-0.19574686730823526,B
chrX,122500000,122550000,-0.1364592916289424,B
chrX,122550000,122600000,-0.15017332253127366,B
chrX,122600000,122650000,-0.2637854682420102,B
chrX,122650000,122700000,-0.07561836363459297,B
chrX,122700000,122750000,-0.1907631298122988,B
chrX,122750000,122800000,-0.26654526190666383,B
chrX,122800000,122850000,-0.20172064790645336,B
chrX,122850000,122900000,-0.060649754545065,B
chrX,122900000,122950000,-0.2331500548329202,B
chrX,122950000,123000000,0.038780926853863064,A
chrX,123000000,123050000,-0.18651618296393715,B
chrX,123050000,123100000,-0.10843250198130627,B
chrX,123100000,123150000,-0.07469918245713929,B
chrX,123150000,123200000,-0.11697923099844562,B
chrX,123200000,123250000,-0.12260134327804867,B
chrX,123250000,123300000,-0.18288834994288028,B
chrX,123300000,123350000,-0.031315167203651864,B
chrX,123350000,123400000,0.03958180613216944,A
chrX,123400000,123450000,-0.06963899425361422,B
chrX,123450000,123500000,-0.1204933491551318,B
chrX,123500000,123550000,-0.047784967211989875,B
chrX,123550000,123600000,-0.3168047805256161,B
chrX,123600000,123650000,-0.159325793149027,B
chrX,123650000,123700000,-0.22964582207493442,B
chrX,123700000,123750000,-0.19899915863176504,B
chrX,123750000,123800000,-0.28632433035189736,B
chrX,123800000,123850000,-0.24823853810610078,B
chrX,123850000,123900000,-0.23231994588573743,B
chrX,123900000,123950000,-0.15732159003944743,B
chrX,123950000,124000000,-0.3475367551103625,B
chrX,124000000,124050000,-0.14658797060768783,B
chrX,124050000,124100000,-0.13880330213899975,B
chrX,124100000,124150000,-0.12526996049141884,B
chrX,124150000,124200000,-0.3415343316776991,B
chrX,124200000,124250000,-0.011461851088981331,B
chrX,124250000,124300000,-0.07205281152892569,B
chrX,124300000,124350000,-0.24738833156315132,B
chrX,124350000,124400000,-0.03399858003222257,B
chrX,124400000,124450000,-0.11965165375205151,B
chrX,124450000,124500000,-0.0888500064333165,B
chrX,124500000,124550000,-0.21677804574940102,B
chrX,124550000,124600000,-0.23261136361450765,B
chrX,124600000,124650000,-0.2006124335642549,B
chrX,124650000,124700000,-0.06577615853142992,B
chrX,124700000,124750000,-0.005964276085145667,B
chrX,124750000,124800000,-0.20975046062622407,B
chrX,124800000,124850000,-0.20164505851838144,B
chrX,124850000,124900000,-0.026388087566892645,B
chrX,124900000,124950000,-0.21364206329045116,B
chrX,124950000,125000000,-0.08060852677080245,B
chrX,125000000,125050000,-0.11711733933538937,B
chrX,125050000,125100000,-0.27736871148451525,B
chrX,125100000,125150000,-0.1995401427079366,B
chrX,125150000,125200000,-0.18951192631734007,B
chrX,125200000,125250000,-0.12573838988149968,B
chrX,125250000,125300000,-0.03995134384544149,B
chrX,125300000,125350000,-0.10838750408186898,B
chrX,125350000,125400000,-0.10463302891991648,B
chrX,125400000,125450000,0.13796247637372766,A
chrX,125450000,125500000,-0.21289069354973153,B
chrX,125500000,125550000,-0.1786661647868753,B
chrX,125550000,125600000,-0.21268422604032228,B
chrX,125600000,125650000,0.028042682086816734,A
chrX,125650000,125700000,-0.0788384884615993,B
chrX,125700000,125750000,-0.14287087494177594,B
chrX,125750000,125800000,-0.20482494655787334,B
chrX,125800000,125850000,-0.2013629486158681,B
chrX,125850000,125900000,-0.3138292491343836,B
chrX,125900000,125950000,-0.24980469163598856,B
chrX,125950000,126000000,-0.13655487651176632,B
chrX,126000000,126050000,-0.2542870894749829,B
chrX,126050000,126100000,-0.15427057869217692,B
chrX,126100000,126150000,-0.12045157867737145,B
chrX,126150000,126200000,-0.11575653760834903,B
chrX,126200000,126250000,-0.32690197630387235,B
chrX,126250000,126300000,-0.21467398883982178,B
chrX,126300000,126350000,-0.12037398288035872,B
chrX,126350000,126400000,-0.37516788725946854,B
chrX,126400000,126450000,-0.3129872524617244,B
chrX,126450000,126500000,-0.26260411251243587,B
chrX,126500000,126550000,-0.35202574995859864,B
chrX,126550000,126600000,-0.04773082358981694,B
chrX,126600000,126650000,-0.38530231095005224,B
chrX,126650000,126700000,-0.3220503548964911,B
chrX,126700000,126750000,-0.3841335377608157,B
chrX,126750000,126800000,-0.2853185976482143,B
chrX,126800000,126850000,-0.2270720117267546,B
chrX,126850000,126900000,-0.2603026644448835,B
chrX,126900000,126950000,-0.18961182480314895,B
chrX,126950000,127000000,-0.23188578605099383,B
chrX,127000000,127050000,-0.14012231641643,B
chrX,127050000,127100000,-0.245092600845866,B
chrX,127100000,127150000,-0.23447233590964983,B
chrX,127150000,127200000,-0.058410338192489974,B
chrX,127200000,127250000,-0.3003292659641176,B
chrX,127250000,127300000,-0.20362716536514588,B
chrX,127300000,127350000,-0.17762347887528857,B
chrX,127350000,127400000,-0.28410912288327306,B
chrX,127400000,127450000,-0.08662632255139259,B
chrX,127450000,127500000,-0.43159866863032675,B
chrX,127500000,127550000,-0.31323867820511986,B
chrX,127550000,127600000,-0.30964217158443974,B
chrX,127600000,127650000,-0.23980896947069053,B
chrX,127650000,127700000,-0.2237236597367882,B
chrX,127700000,127750000,-0.20297793179961085,B
chrX,127750000,127800000,-0.247460394045224,B
chrX,127800000,127850000,-0.10354597171591806,B
chrX,127850000,127900000,-0.2529790100645725,B
chrX,127900000,127950000,-0.14214672442741558,B
chrX,127950000,128000000,-0.22445988548028295,B
chrX,128000000,128050000,-0.1545239905933168,B
chrX,128050000,128100000,0.006805585379728298,A
chrX,128100000,128150000,0.01986648571146789,A
chrX,128150000,128200000,-0.0034032138450060027,B
chrX,128200000,128250000,-0.16129979425355764,B
chrX,128250000,128300000,-0.2959137455199272,B
chrX,128300000,128350000,0.09046746305107072,A
chrX,128350000,128400000,-0.08863371332833728,B
chrX,128400000,128450000,0.04800463935674914,A
chrX,128450000,128500000,-0.17576052512809942,B
chrX,128500000,128550000,0.007047000388269618,A
chrX,128550000,128600000,-0.027129660677375114,B
chrX,128600000,128650000,0.08487055943303178,A
chrX,128650000,128700000,0.11045956863085661,A
chrX,128700000,128750000,-0.14441691851876876,B
chrX,128750000,128800000,-0.12246196708931015,B
chrX,128800000,128850000,-0.25299955308497046,B
chrX,128850000,128900000,-0.0887341404222605,B
chrX,128900000,128950000,-0.010911798967443086,B
chrX,128950000,129000000,-0.059873148253897425,B
chrX,129000000,129050000,0.0711574948062479,A
chrX,129050000,129100000,0.12868413185248936,A
chrX,129100000,129150000,0.018475294003503784,A
chrX,129150000,129200000,0.04538490675291307,A
chrX,129200000,129250000,-0.16706953678361108,B
chrX,129250000,129300000,-0.0015585864358719317,B
chrX,129300000,129350000,0.039557081166563784,A
chrX,129350000,129400000,0.11852357020123284,A
chrX,129400000,129450000,-0.007664313545214601,B
chrX,129450000,129500000,0.049213837621586015,A
chrX,129500000,129550000,-0.018559516684214374,B
chrX,129550000,129600000,0.1485238991038109,A
chrX,129600000,129650000,-0.03163576220719942,B
chrX,129650000,129700000,-0.06886509791069624,B
chrX,129700000,129750000,0.04040725369501778,A
chrX,129750000,129800000,-0.026113024744567268,B
chrX,129800000,129850000,-0.01577150324573078,B
chrX,129850000,129900000,-0.10515879962846197,B
chrX,129900000,129950000,0.12539287686461875,A
chrX,129950000,130000000,-0.12298280610907703,B
chrX,130000000,130050000,0.0007763339875268871,A
chrX,130050000,130100000,-0.08402413065671284,B
chrX,130100000,130150000,0.2177713377795513,A
chrX,130150000,130200000,-0.05608096756270575,B
chrX,130200000,130250000,-0.2249232706641042,B
chrX,130250000,130300000,-0.18338450450967947,B
chrX,130300000,130350000,-0.10327521801343043,B
chrX,130350000,130400000,-0.1854176144524347,B
chrX,130400000,130450000,-0.14328551910081697,B
chrX,130450000,130500000,0.04155507384457234,A
chrX,130500000,130550000,0.03302286689735453,A
chrX,130550000,130600000,0.10864171494383687,A
chrX,130600000,130650000,0.07853858644978483,A
chrX,130650000,130700000,0.09791456739444827,A
chrX,130700000,130750000,0.05128726188643234,A
chrX,130750000,130800000,0.10292937520306047,A
chrX,130800000,130850000,0.22928794648447845,A
chrX,130850000,130900000,-0.04055707375193514,B
chrX,130900000,130950000,0.12256874617960299,A
chrX,130950000,131000000,0.2562341154719622,A
chrX,131000000,131050000,0.05870404555869977,A
chrX,131050000,131100000,0.25499070870705615,A
chrX,131100000,131150000,0.10976798160424522,A
chrX,131150000,131200000,0.37578838084953664,A
chrX,131200000,131250000,0.353385513497756,A
chrX,131250000,131300000,0.27242398441584476,A
chrX,131300000,131350000,0.22916533099350955,A
chrX,131350000,131400000,0.1266093408645326,A
chrX,131400000,131450000,0.2394076052505339,A
chrX,131450000,131500000,0.043794034586747424,A
chrX,131500000,131550000,0.22828009242618905,A
chrX,131550000,131600000,0.23697096409668683,A
chrX,131600000,131650000,0.32923930990888917,A
chrX,131650000,131700000,0.2771296054421032,A
chrX,131700000,131750000,0.22313640305524163,A
chrX,131750000,131800000,0.27070372523859143,A
chrX,131800000,131850000,0.3552651750611014,A
chrX,131850000,131900000,0.32783278496146,A
chrX,131900000,131950000,0.35012572315034246,A
chrX,131950000,132000000,0.5959311866478438,A
chrX,132000000,132050000,0.4264613181784198,A
chrX,132050000,132100000,0.4795709667852378,A
chrX,132100000,132150000,0.4903388639373438,A
chrX,132150000,132200000,0.33190200505069023,A
chrX,132200000,132250000,0.3882821951443101,A
chrX,132250000,132300000,0.44289288305545127,A
chrX,132300000,132350000,0.581327598479529,A
chrX,132350000,132400000,0.48500837480038084,A
chrX,132400000,132450000,0.4568457830607576,A
chrX,132450000,132500000,0.4831725041526153,A
chrX,132500000,132550000,0.36776531743709373,A
chrX,132550000,132600000,0.6056949129568657,A
chrX,132600000,132650000,0.36914566634646867,A
chrX,132650000,132700000,0.47102120124014574,A
chrX,132700000,132750000,0.44876667444033325,A
chrX,132750000,132800000,0.34390548075288563,A
chrX,132800000,132850000,0.37597002394455786,A
chrX,132850000,132900000,0.4795568866742808,A
chrX,132900000,132950000,0.5789884839673284,A
chrX,132950000,133000000,0.5940365738040344,A
chrX,133000000,133050000,0.515633285147829,A
chrX,133050000,133100000,0.2964231350249998,A
chrX,133100000,133150000,0.44809623399771825,A
chrX,133150000,133200000,0.5825258979336175,A
chrX,133200000,133250000,0.5563803504677689,A
chrX,133250000,133300000,0.513313928624309,A
chrX,133300000,133350000,0.2061786197491768,A
chrX,133350000,133400000,0.4313575525398782,A
chrX,133400000,133450000,0.40267339253477036,A
chrX,133450000,133500000,0.5161406330178678,A
chrX,133500000,133550000,0.3863041852902282,A
chrX,133550000,133600000,0.478470157648436,A
chrX,133600000,133650000,0.3647360216234032,A
chrX,133650000,133700000,0.30699195685438874,A
chrX,133700000,133750000,0.44778286650528387,A
chrX,133750000,133800000,0.5055072109137185,A
chrX,133800000,133850000,0.32728427862021503,A
chrX,133850000,133900000,0.2646924216192244,A
chrX,133900000,133950000,0.5025096580964871,A
chrX,133950000,134000000,0.29861129529175806,A
chrX,134000000,134050000,0.09704052817399156,A
chrX,134050000,134100000,0.17663203233386265,A
chrX,134100000,134150000,0.13568143143046427,A
chrX,134150000,134200000,0.10741489422544286,A
chrX,134200000,134250000,0.22162701704312354,A
chrX,134250000,134300000,0.16431646536393094,A
chrX,134300000,134350000,0.12604801505262056,A
chrX,134350000,134400000,0.25798206369234966,A
chrX,134400000,134450000,0.10034275047356594,A
chrX,134450000,134500000,0.19435694644708304,A
chrX,134500000,134550000,0.10583789879250996,A
chrX,134550000,134600000,0.30198100800137606,A
chrX,134600000,134650000,0.3269360402925735,A
chrX,134650000,134700000,0.35751649538121344,A
chrX,134700000,134750000,0.2803253082965049,A
chrX,134750000,134800000,0.08928787772223855,A
chrX,134800000,134850000,0.14470328146139957,A
chrX,134850000,134900000,0.25952922602752293,A
chrX,134900000,134950000,0.2484535717563482,A
chrX,134950000,135000000,0.3398785476122514,A
chrX,135000000,135050000,0.4132584842040515,A
chrX,135050000,135100000,0.1445060134664274,A
chrX,135100000,135150000,,B
chrX,135150000,135200000,0.33294035356123197,A
chrX,135200000,135250000,,B
chrX,135250000,135300000,0.33867327808689257,A
chrX,135300000,135350000,0.24551196653730237,A
chrX,135350000,135400000,0.11457495677307551,A
chrX,135400000,135450000,0.2072151240674409,A
chrX,135450000,135500000,0.1006354824550901,A
chrX,135500000,135550000,0.01964822136539501,A
chrX,135550000,135600000,0.20964689404744122,A
chrX,135600000,135650000,0.08094994895255642,A
chrX,135650000,135700000,0.0791854759661199,A
chrX,135700000,135750000,,B
chrX,135750000,135800000,,B
chrX,135800000,135850000,,B
chrX,135850000,135900000,,B
chrX,135900000,135950000,0.0020096234459450403,A
chrX,135950000,136000000,0.14686776813025243,A
chrX,136000000,136050000,0.08532054396609126,A
chrX,136050000,136100000,0.21898858301603596,A
chrX,136100000,136150000,0.04585381791934295,A
chrX,136150000,136200000,0.07882960795625465,A
chrX,136200000,136250000,-0.05198373274395503,B
chrX,136250000,136300000,0.24059174250463378,A
chrX,136300000,136350000,0.01711000562837618,A
chrX,136350000,136400000,0.12219915507962803,A
chrX,136400000,136450000,0.14139108481417814,A
chrX,136450000,136500000,0.25441375898925267,A
chrX,136500000,136550000,0.15063862862831773,A
chrX,136550000,136600000,0.4482421705905581,A
chrX,136600000,136650000,0.07267351320404328,A
chrX,136650000,136700000,0.33750038273025806,A
chrX,136700000,136750000,0.1309294137777677,A
chrX,136750000,136800000,0.20149730937162882,A
chrX,136800000,136850000,0.01982881439816412,A
chrX,136850000,136900000,0.10205088693104147,A
chrX,136900000,136950000,0.12641073733652541,A
chrX,136950000,137000000,0.2188802432237567,A
chrX,137000000,137050000,0.19404373621919416,A
chrX,137050000,137100000,0.26590922977366166,A
chrX,137100000,137150000,0.08682668623118589,A
chrX,137150000,137200000,0.09301863092778961,A
chrX,137200000,137250000,0.20392420047133616,A
chrX,137250000,137300000,0.08123099993958671,A
chrX,137300000,137350000,-0.04057449482817025,B
chrX,137350000,137400000,0.15829469146700714,A
chrX,137400000,137450000,0.04689956117615603,A
chrX,137450000,137500000,0.0906806846890403,A
chrX,137500000,137550000,0.024703803989860246,A
chrX,137550000,137600000,0.11381425115850174,A
chrX,137600000,137650000,0.04782660051220361,A
chrX,137650000,137700000,0.14572132911525346,A
chrX,137700000,137750000,0.12109210585350104,A
chrX,137750000,137800000,0.07000967854385645,A
chrX,137800000,137850000,-0.032228585509028136,B
chrX,137850000,137900000,0.041525972650125864,A
chrX,137900000,137950000,0.13023952951596945,A
chrX,137950000,138000000,0.20638177023814494,A
chrX,138000000,138050000,0.15151220435296459,A
chrX,138050000,138100000,0.0698495641234758,A
chrX,138100000,138150000,-0.06178342289493357,B
chrX,138150000,138200000,0.04171518647089352,A
chrX,138200000,138250000,0.007293653530185078,A
chrX,138250000,138300000,0.08623383608166092,A
chrX,138300000,138350000,0.08994035273838263,A
chrX,138350000,138400000,-0.1625291397393112,B
chrX,138400000,138450000,0.021948303662669786,A
chrX,138450000,138500000,-0.0068889059506411976,B
chrX,138500000,138550000,-0.061230602163284215,B
chrX,138550000,138600000,-0.09530184853655062,B
chrX,138600000,138650000,0.11233281347887365,A
chrX,138650000,138700000,0.010196874097633113,A
chrX,138700000,138750000,-0.03239644894744909,B
chrX,138750000,138800000,0.024624266014412623,A
chrX,138800000,138850000,0.05430146803996813,A
chrX,138850000,138900000,-0.10879353892447567,B
chrX,138900000,138950000,-0.2053628429629784,B
chrX,138950000,139000000,-0.12425975320739718,B
chrX,139000000,139050000,-0.12491699170698475,B
chrX,139050000,139100000,0.04671013724704074,A
chrX,139100000,139150000,0.0015830866382069754,A
chrX,139150000,139200000,-0.11094085980197892,B
chrX,139200000,139250000,0.07021802348449377,A
chrX,139250000,139300000,-0.21718275220188807,B
chrX,139300000,139350000,-0.05885285243176528,B
chrX,139350000,139400000,-0.10819684344828931,B
chrX,139400000,139450000,0.01915290134287699,A
chrX,139450000,139500000,-0.05279833057868776,B
chrX,139500000,139550000,0.05671367829882801,A
chrX,139550000,139600000,-0.08818512553095482,B
chrX,139600000,139650000,0.08092968933345197,A
chrX,139650000,139700000,-0.12331316376237349,B
chrX,139700000,139750000,-0.02245780770463891,B
chrX,139750000,139800000,-0.0523705870828307,B
chrX,139800000,139850000,-0.043241691350861367,B
chrX,139850000,139900000,-0.003381902084085045,B
chrX,139900000,139950000,-0.045060500387363506,B
chrX,139950000,140000000,0.09636955515841455,A
chrX,140000000,140050000,0.12906906825405876,A
chrX,140050000,140100000,-0.14849777012237436,B
chrX,140100000,140150000,-0.0610307262800867,B
chrX,140150000,140200000,0.03413313566455,A
chrX,140200000,140250000,0.060802869045486534,A
chrX,140250000,140300000,-0.06816728300166212,B
chrX,140300000,140350000,0.023621102981855567,A
chrX,140350000,140400000,-0.18557188137856498,B
chrX,140400000,140450000,-0.218589166745624,B
chrX,140450000,140500000,-0.16154586155739567,B
chrX,140500000,140550000,-0.03726442882257913,B
chrX,140550000,140600000,0.07505756958128589,A
chrX,140600000,140650000,-0.18314150000102553,B
chrX,140650000,140700000,-0.0698026179727056,B
chrX,140700000,140750000,-0.0013589122874941137,B
chrX,140750000,140800000,-0.1270271210696991,B
chrX,140800000,140850000,-0.04738950435612297,B
chrX,140850000,140900000,-0.15269649642204608,B
chrX,140900000,140950000,-0.124432180739951,B
chrX,140950000,141000000,-0.07301250000725168,B
chrX,141000000,141050000,,B
chrX,141050000,141100000,,B
chrX,141100000,141150000,-0.3953423222499322,B
chrX,141150000,141200000,-0.1213143323307063,B
chrX,141200000,141250000,-0.4741298859264633,B
chrX,141250000,141300000,-0.056507992061299604,B
chrX,141300000,141350000,-0.01622366635485663,B
chrX,141350000,141400000,-0.08597149641257472,B
chrX,141400000,141450000,-0.11298574139945401,B
chrX,141450000,141500000,,B
chrX,141500000,141550000,,B
chrX,141550000,141600000,,B
chrX,141600000,141650000,0.029639229805347552,A
chrX,141650000,141700000,-0.11448315095021011,B
chrX,141700000,141750000,-0.17221245307569583,B
chrX,141750000,141800000,-0.2750370659969457,B
chrX,141800000,141850000,-0.12928769871854634,B
chrX,141850000,141900000,-0.05841587009416503,B
chrX,141900000,141950000,0.05844053361487745,A
chrX,141950000,142000000,-0.10302295010596559,B
chrX,142000000,142050000,-0.15130984832745678,B
chrX,142050000,142100000,-0.1932092006595211,B
chrX,142100000,142150000,-0.055886692935243044,B
chrX,142150000,142200000,0.05402758706811438,A
chrX,142200000,142250000,0.004563613312676105,A
chrX,142250000,142300000,0.06396338914360829,A
chrX,142300000,142350000,-0.20285376401378835,B
chrX,142350000,142400000,0.17040404453342123,A
chrX,142400000,142450000,0.020431779698044925,A
chrX,142450000,142500000,-0.2798652406514143,B
chrX,142500000,142550000,-0.24433866279870417,B
chrX,142550000,142600000,-0.2890690248441937,B
chrX,142600000,142650000,-0.15641744587134437,B
chrX,142650000,142700000,-0.2414331208075888,B
chrX,142700000,142750000,-0.20776618869436192,B
chrX,142750000,142800000,-0.07833813954633281,B
chrX,142800000,142850000,-0.09698259937142117,B
chrX,142850000,142900000,-0.0009079153590396803,B
chrX,142900000,142950000,-0.1921576812030539,B
chrX,142950000,143000000,-0.15076313826321944,B
chrX,143000000,143050000,0.0008660890421814744,A
chrX,143050000,143100000,-0.21205737963096674,B
chrX,143100000,143150000,-0.2910914749092973,B
chrX,143150000,143200000,-0.32718707767314725,B
chrX,143200000,143250000,-0.0873900338269467,B
chrX,143250000,143300000,-0.2225593079122099,B
chrX,143300000,143350000,-0.16370306152128047,B
chrX,143350000,143400000,-0.23032882579985123,B
chrX,143400000,143450000,-0.05596745573853496,B
chrX,143450000,143500000,0.11773480961832548,A
chrX,143500000,143550000,-0.2664614418617389,B
chrX,143550000,143600000,-0.10385968294352016,B
chrX,143600000,143650000,-0.2659284300171573,B
chrX,143650000,143700000,-0.1459786040007037,B
chrX,143700000,143750000,-0.27756074003957726,B
chrX,143750000,143800000,-0.21020381840985725,B
chrX,143800000,143850000,-0.18715574501689208,B
chrX,143850000,143900000,-0.25288318610253185,B
chrX,143900000,143950000,-0.33996207924261773,B
chrX,143950000,144000000,-0.2186703404292897,B
chrX,144000000,144050000,-0.28223025438588883,B
chrX,144050000,144100000,,B
chrX,144100000,144150000,,B
chrX,144150000,144200000,,B
chrX,144200000,144250000,-0.2264573232446349,B
chrX,144250000,144300000,-0.20280871007077506,B
chrX,144300000,144350000,-0.25141563229626324,B
chrX,144350000,144400000,-0.29135678697385436,B
chrX,144400000,144450000,,B
chrX,144450000,144500000,,B
chrX,144500000,144550000,-0.10276726966513412,B
chrX,144550000,144600000,-0.11295224994610234,B
chrX,144600000,144650000,-0.2839174387258908,B
chrX,144650000,144700000,-0.05875558066417607,B
chrX,144700000,144750000,-0.1342482620370916,B
chrX,144750000,144800000,-0.18135301533865453,B
chrX,144800000,144850000,-0.10725445126297524,B
chrX,144850000,144900000,-0.09500876297987404,B
chrX,144900000,144950000,-0.30321259522969324,B
chrX,144950000,145000000,-0.14294073863495166,B
chrX,145000000,145050000,-0.005342699906438551,B
chrX,145050000,145100000,0.07487215836443725,A
chrX,145100000,145150000,-0.03374480945035309,B
chrX,145150000,145200000,0.021909024704500842,A
chrX,145200000,145250000,-0.14763908353999633,B
chrX,145250000,145300000,-0.11863706215122129,B
chrX,145300000,145350000,0.12593973416634519,A
chrX,145350000,145400000,-0.18458642846621318,B
chrX,145400000,145450000,-0.045980497650050314,B
chrX,145450000,145500000,-0.2045795101489448,B
chrX,145500000,145550000,-0.004200464692023305,B
chrX,145550000,145600000,0.08993709347110215,A
chrX,145600000,145650000,0.07809582720656258,A
chrX,145650000,145700000,-0.06108185145336709,B
chrX,145700000,145750000,-0.12928438319106972,B
chrX,145750000,145800000,0.02935891020536338,A
chrX,145800000,145850000,0.08152169353917565,A
chrX,145850000,145900000,0.13832662188310754,A
chrX,145900000,145950000,0.08977585521936486,A
chrX,145950000,146000000,0.19098173117325593,A
chrX,146000000,146050000,0.01860246339236132,A
chrX,146050000,146100000,-0.08758039822641484,B
chrX,146100000,146150000,0.040227030575405325,A
chrX,146150000,146200000,0.02925568217783324,A
chrX,146200000,146250000,0.12310629191164801,A
chrX,146250000,146300000,-0.07536868068336629,B
chrX,146300000,146350000,-0.26567309368617037,B
chrX,146350000,146400000,-0.1273794124720267,B
chrX,146400000,146450000,-0.2245129946370459,B
chrX,146450000,146500000,0.08944667879737067,A
chrX,146500000,146550000,-0.07678514898497847,B
chrX,146550000,146600000,-0.1136248722133526,B
chrX,146600000,146650000,-0.1334256126870658,B
chrX,146650000,146700000,0.07888678617211964,A
chrX,146700000,146750000,-0.0763076431476219,B
chrX,146750000,146800000,0.11038224309568574,A
chrX,146800000,146850000,,B
chrX,146850000,146900000,-0.06371560635173971,B
chrX,146900000,146950000,0.06405586739235478,A
chrX,146950000,147000000,-0.06100260781334721,B
chrX,147000000,147050000,0.04825212111119621,A
chrX,147050000,147100000,-0.08347872236331365,B
chrX,147100000,147150000,0.07530231056695533,A
chrX,147150000,147200000,0.23371234039253805,A
chrX,147200000,147250000,0.1954799739804837,A
chrX,147250000,147300000,0.04243006504927092,A
chrX,147300000,147350000,0.09602546049814306,A
chrX,147350000,147400000,0.24386189682533985,A
chrX,147400000,147450000,0.10831414185687473,A
chrX,147450000,147500000,0.04599910739514572,A
chrX,147500000,147550000,-0.012408785554367993,B
chrX,147550000,147600000,0.08773225295158427,A
chrX,147600000,147650000,0.06791981792980233,A
chrX,147650000,147700000,0.20299974257116754,A
chrX,147700000,147750000,0.12266426852357798,A
chrX,147750000,147800000,0.244443330440178,A
chrX,147800000,147850000,0.11489962160536471,A
chrX,147850000,147900000,0.16948052930971572,A
chrX,147900000,147950000,0.14268947202863,A
chrX,147950000,148000000,0.09576309912680742,A
chrX,148000000,148050000,0.1083161068884773,A
chrX,148050000,148100000,0.11082011914483435,A
chrX,148100000,148150000,0.047091730568962674,A
chrX,148150000,148200000,0.10020776725422495,A
chrX,148200000,148250000,0.0342656325555617,A
chrX,148250000,148300000,0.038083541711309316,A
chrX,148300000,148350000,0.09981452006581597,A
chrX,148350000,148400000,0.20586209678491316,A
chrX,148400000,148450000,0.2500003870097437,A
chrX,148450000,148500000,0.026758048105563394,A
chrX,148500000,148550000,0.295023402413744,A
chrX,148550000,148600000,0.17998162229783612,A
chrX,148600000,148650000,0.29327384441419596,A
chrX,148650000,148700000,0.11208286184877173,A
chrX,148700000,148750000,0.03616559167687438,A
chrX,148750000,148800000,0.07255424086649348,A
chrX,148800000,148850000,0.1245407984159495,A
chrX,148850000,148900000,0.22733800915652796,A
chrX,148900000,148950000,0.12512940249208457,A
chrX,148950000,149000000,0.23132605680273144,A
chrX,149000000,149050000,0.2088005520019314,A
chrX,149050000,149100000,0.14111841248001047,A
chrX,149100000,149150000,0.21988084647583125,A
chrX,149150000,149200000,0.15666005369484798,A
chrX,149200000,149250000,0.29284206102950394,A
chrX,149250000,149300000,0.26597374718507033,A
chrX,149300000,149350000,0.23467329924955127,A
chrX,149350000,149400000,0.18215711440773333,A
chrX,149400000,149450000,0.27920217269050523,A
chrX,149450000,149500000,0.2140820257372643,A
chrX,149500000,149550000,0.35216052239844575,A
chrX,149550000,149600000,,B
chrX,149600000,149650000,0.17756147389808127,A
chrX,149650000,149700000,,B
chrX,149700000,149750000,,B
chrX,149750000,149800000,,B
chrX,149800000,149850000,0.2674027863511343,A
chrX,149850000,149900000,0.4061880840102401,A
chrX,149900000,149950000,,B
chrX,149950000,150000000,0.34862642707679753,A
chrX,150000000,150050000,0.38982155703366184,A
chrX,150050000,150100000,0.3891930468515148,A
chrX,150100000,150150000,0.3449909758903816,A
chrX,150150000,150200000,0.4228808045482112,A
chrX,150200000,150250000,0.256634884269645,A
chrX,150250000,150300000,0.4476390247485864,A
chrX,150300000,150350000,0.3814866402851825,A
chrX,150350000,150400000,0.5388967377481458,A
chrX,150400000,150450000,0.4631309723519875,A
chrX,150450000,150500000,0.3502318155155522,A
chrX,150500000,150550000,0.5288255460327191,A
chrX,150550000,150600000,0.3161340280675717,A
chrX,150600000,150650000,0.5493959862759079,A
chrX,150650000,150700000,0.5812497811021404,A
chrX,150700000,150750000,0.6578944840657954,A
chrX,150750000,150800000,0.5815876427080198,A
chrX,150800000,150850000,0.4050435260806968,A
chrX,150850000,150900000,0.4872321666947713,A
chrX,150900000,150950000,0.5617399627997092,A
chrX,150950000,151000000,0.6515786811036809,A
chrX,151000000,151050000,0.5668160847179765,A
chrX,151050000,151100000,0.5699565336910852,A
chrX,151100000,151150000,0.5879136052908606,A
chrX,151150000,151200000,0.45658650364406234,A
chrX,151200000,151250000,0.5829962174065568,A
chrX,151250000,151300000,0.44071444699049495,A
chrX,151300000,151350000,0.43323581290986585,A
chrX,151350000,151400000,0.4195882729558144,A
chrX,151400000,151450000,0.378488398120886,A
chrX,151450000,151500000,0.4227591666795435,A
chrX,151500000,151550000,0.6419115048435392,A
chrX,151550000,151600000,0.4266700406206686,A
chrX,151600000,151650000,0.3862455340264532,A
chrX,151650000,151700000,0.6305922891685621,A
chrX,151700000,151750000,0.3946480630548568,A
chrX,151750000,151800000,0.4433057759321474,A
chrX,151800000,151850000,0.6944686754087366,A
chrX,151850000,151900000,0.5241109045534555,A
chrX,151900000,151950000,0.5007471210631358,A
chrX,151950000,152000000,0.5461138056993918,A
chrX,152000000,152050000,0.4950698572546283,A
chrX,152050000,152100000,0.5001406375532471,A
chrX,152100000,152150000,0.6912201523582716,A
chrX,152150000,152200000,0.5158137003217179,A
chrX,152200000,152250000,0.6545928052580223,A
chrX,152250000,152300000,0.3460620961993282,A
chrX,152300000,152350000,0.5152861252283472,A
chrX,152350000,152400000,0.6452698368859108,A
chrX,152400000,152450000,0.628388394072667,A
chrX,152450000,152500000,0.4842748102266044,A
chrX,152500000,152550000,0.45098800124478594,A
chrX,152550000,152600000,0.47665455313788074,A
chrX,152600000,152650000,0.45447719419240395,A
chrX,152650000,152700000,,B
chrX,152700000,152750000,,B
chrX,152750000,152800000,,B
chrX,152800000,152850000,0.40378563941534934,A
chrX,152850000,152900000,0.40392643744699624,A
chrX,152900000,152950000,0.2731257438520202,A
chrX,152950000,153000000,0.6106431456136047,A
chrX,153000000,153050000,0.4831331551997756,A
chrX,153050000,153100000,,B
chrX,153100000,153150000,,B
chrX,153150000,153200000,0.6289958786081077,A
chrX,153200000,153250000,0.22054563293729265,A
chrX,153250000,153300000,,B
chrX,153300000,153350000,0.6490718331760209,A
chrX,153350000,153400000,0.6192428738623375,A
chrX,153400000,153450000,0.7041918210734065,A
chrX,153450000,153500000,,B
chrX,153500000,153550000,,B
chrX,153550000,153600000,,B
chrX,153600000,153650000,0.24102044548370644,A
chrX,153650000,153700000,0.4690331102672783,A
chrX,153700000,153750000,0.4257750949282752,A
chrX,153750000,153800000,,B
chrX,153800000,153850000,0.5073806758870928,A
chrX,153850000,153900000,0.2826936399006313,A
chrX,153900000,153950000,0.5259082668650543,A
chrX,153950000,154000000,0.47859266459932054,A
chrX,154000000,154050000,0.40477318228698844,A
chrX,154050000,154100000,0.5008517739319738,A
chrX,154100000,154150000,0.2223161894757575,A
chrX,154150000,154200000,,B
chrX,154200000,154250000,,B
chrX,154250000,154300000,,B
chrX,154300000,154350000,0.4073097802829049,A
chrX,154350000,154400000,,B
chrX,154400000,154450000,0.5652022369223919,A
chrX,154450000,154500000,,B
chrX,154500000,154550000,0.8019787940369015,A
chrX,154550000,154600000,,B
chrX,154600000,154650000,,B
chrX,154650000,154700000,0.596511878627034,A
chrX,154700000,154750000,0.6073043649322205,A
chrX,154750000,154800000,0.5215907535306706,A
chrX,154800000,154850000,0.4792928740780032,A
chrX,154850000,154900000,0.5497857496607855,A
chrX,154900000,154950000,0.47423032523600556,A
chrX,154950000,155000000,0.6868922631245473,A
chrX,155000000,155050000,0.6804272839056714,A
chrX,155050000,155100000,0.504231252785157,A
chrX,155100000,155150000,0.5113264723080045,A
chrX,155150000,155200000,0.6002825891818604,A
chrX,155200000,155250000,0.5492107375599631,A
chrX,155250000,155300000,0.7443197699116637,A
chrX,155300000,155350000,,B
chrX,155350000,155400000,,B
chrX,155400000,155450000,0.4717916245982607,A
chrX,155450000,155500000,,B
chrX,155500000,155550000,0.4614094981279325,A
chrX,155550000,155600000,,B
chrX,155600000,155650000,0.3275904117075381,A
chrX,155650000,155700000,0.4820296922278351,A
chrX,155700000,155750000,,B
chrX,155750000,155800000,,B
chrX,155800000,155850000,,B
chrX,155850000,155900000,,B
chrX,155900000,155950000,,B
chrX,155950000,156000000,,B
chrX,156000000,156040895,,B
