Gene stable ID,Gene name,Gene start (bp),Gene end (bp),Chromosome/scaffold name,Gene type
ENSG00000225661,RPL14P5,1008503,1010101,X,processed_pseudogene
ENSG00000235039,MTND6P12,5168918,5169439,X,processed_pseudogene
ENSG00000238193,HADHBP1,5305714,5307128,X,processed_pseudogene
ENSG00000236188,PRKX-AS1,3659487,3668192,X,lncRNA
ENSG00000228572,,253743,255091,X,unprocessed_pseudogene
ENSG00000236513,,4627200,4633572,X,lncRNA
ENSG00000225574,DRAXINP1,8783514,8784461,X,processed_pseudogene
ENSG00000177504,VCX2,8169944,8171267,X,protein_coding
ENSG00000231619,ANAPC15P1,8856665,8857059,X,processed_pseudogene
ENSG00000231216,GS1-600G8.3,13310652,13319933,X,lncRNA
ENSG00000225271,NOLC1P1,8980425,8982505,X,processed_pseudogene
ENSG00000237730,RPS5P8,6422092,6422701,X,processed_pseudogene
ENSG00000226313,MTCYBP12,5169512,5170645,X,processed_pseudogene
ENSG00000182888,RPS27AP20,3717149,3717600,X,processed_pseudogene
ENSG00000215313,RPL6P30,16198428,16199289,X,processed_pseudogene
ENSG00000125363,AMELX,11293413,11300761,X,protein_coding
ENSG00000223571,DHRSX-IT1,2334295,2336410,X,lncRNA
ENSG00000169084,DHRSX,2219506,2502805,X,protein_coding
ENSG00000231913,RARRES2P3,21421822,21422294,X,processed_pseudogene
ENSG00000275194,FAM9CP1,11221348,11225731,X,unprocessed_pseudogene
ENSG00000225722,RPL24P9,3953056,3953561,X,processed_pseudogene
ENSG00000177138,FAM9B,9024232,9295682,X,protein_coding
ENSG00000226774,HIKESHIP1,23351013,23351450,X,processed_pseudogene
ENSG00000276467,,17897711,17900333,X,unprocessed_pseudogene
ENSG00000232392,GOT2P7,11334233,11335901,X,processed_pseudogene
ENSG00000225384,,34717440,34717992,X,processed_pseudogene
ENSG00000183304,FAM9A,8790795,8801383,X,protein_coding
ENSG00000235592,,13327937,13329867,X,unprocessed_pseudogene
ENSG00000226179,LINC00685,320990,321851,X,lncRNA
ENSG00000283400,,20443326,20492349,X,lncRNA
ENSG00000126010,GRPR,16123565,16153518,X,protein_coding
ENSG00000283631,,20311838,20317783,X,lncRNA
ENSG00000235211,TMSB10P2,18341216,18341346,X,processed_pseudogene
ENSG00000177324,BEND2,18162931,18220886,X,protein_coding
ENSG00000236929,RPL35AP37,15117437,15117768,X,processed_pseudogene
ENSG00000233247,UBE2E4P,14244382,14244928,X,processed_pseudogene
ENSG00000225066,MDM4P1,17933349,17934823,X,processed_pseudogene
ENSG00000219870,BRK1P1,9179385,9179606,X,processed_pseudogene
ENSG00000236072,SRSF2P1,34387722,34388464,X,processed_pseudogene
ENSG00000185915,KLHL34,21654690,21658330,X,protein_coding
ENSG00000149970,CNKSR2,21372801,21654695,X,protein_coding
ENSG00000234191,LINC01283,39401252,39434824,X,lncRNA
ENSG00000273704,,34768327,34768688,X,unprocessed_pseudogene
ENSG00000235071,,16474342,16475340,X,processed_pseudogene
ENSG00000176812,METTL1P1,25194381,25195207,X,processed_pseudogene
ENSG00000224339,SC4MOP,37945884,37946775,X,processed_pseudogene
ENSG00000237782,PLLPP1,45381527,45381995,X,processed_pseudogene
ENSG00000233921,RPS15AP40,36374793,36375183,X,processed_pseudogene
ENSG00000229384,HMGB1P16,36211096,36211635,X,processed_pseudogene
ENSG00000271136,,34516920,34517358,X,processed_pseudogene
ENSG00000235587,GAPDHP65,46439709,46440714,X,processed_pseudogene
ENSG00000233571,,34206725,34415537,X,lncRNA
ENSG00000213997,PGAM1P7,46646594,46647330,X,processed_pseudogene
ENSG00000286306,,46400686,46402957,X,lncRNA
ENSG00000214019,RBM39P1,44029332,44030921,X,processed_pseudogene
ENSG00000228232,GAPDHP1,39787132,39788136,X,processed_pseudogene
ENSG00000169906,S100G,16650158,16654670,X,protein_coding
ENSG00000270499,MKI67P1,46560928,46562749,X,processed_pseudogene
ENSG00000229347,,35058927,35059974,X,processed_pseudogene
ENSG00000187516,H2AP,37990779,37991314,X,protein_coding
ENSG00000233810,MOB1AP2,37291168,37292227,X,processed_pseudogene
ENSG00000230227,SIAH1P1,35626142,35627064,X,processed_pseudogene
ENSG00000182798,MAGEB17,16167481,16171464,X,protein_coding
ENSG00000229310,RPP40P1,25591353,25591808,X,processed_pseudogene
ENSG00000232834,,27847588,27847939,X,processed_pseudogene
ENSG00000235685,,40514895,40515508,X,processed_pseudogene
ENSG00000233663,,35710911,35711942,X,processed_pseudogene
ENSG00000189132,FAM47B,34942796,34944915,X,protein_coding
ENSG00000231235,CTNNBL1P1,46418450,46420079,X,processed_pseudogene
ENSG00000226048,YBX1P8,46684765,46685707,X,processed_pseudogene
ENSG00000181977,PYY3,50156159,50156371,X,processed_pseudogene
ENSG00000271088,,35741600,35744582,X,processed_pseudogene
ENSG00000231750,NANOGP10,43407665,43408559,X,processed_pseudogene
ENSG00000233880,NFYCP1,35761499,35762479,X,processed_pseudogene
ENSG00000233543,CHTF8P1,44633692,44635232,X,processed_pseudogene
ENSG00000230039,CCNYL5,65821255,65822249,X,processed_pseudogene
ENSG00000275681,,21841794,21841961,X,unprocessed_pseudogene
ENSG00000276474,,52326166,52326762,X,processed_pseudogene
ENSG00000215284,CHMP5P1,46725164,46725818,X,processed_pseudogene
ENSG00000177689,MAGEB10,27807990,27823014,X,protein_coding
ENSG00000228345,,27854323,27855353,X,processed_pseudogene
ENSG00000276689,,65786763,65787169,X,processed_pseudogene
ENSG00000271519,,35864858,35869631,X,processed_pseudogene
ENSG00000231772,,42252459,42699385,X,lncRNA
ENSG00000102313,ITIH6,54748918,54798255,X,protein_coding
ENSG00000102043,MTMR8,64268081,64395452,X,protein_coding
ENSG00000237311,,65925836,66001436,X,lncRNA
ENSG00000234570,ZFRP1,62878811,62884842,X,processed_pseudogene
ENSG00000277516,,55520382,55520714,X,unprocessed_pseudogene
ENSG00000008086,CDKL5,18425583,18653629,X,protein_coding
ENSG00000165164,CFAP47,35919734,36385317,X,protein_coding
ENSG00000236852,SSBL2P,62779250,62780326,X,processed_pseudogene
ENSG00000229731,,27811885,27812902,X,processed_pseudogene
ENSG00000268994,FAM236B,72781865,72782660,X,protein_coding
ENSG00000230797,YY2,21855987,21858740,X,protein_coding
ENSG00000233833,ETF1P3,65794345,65795835,X,processed_pseudogene
ENSG00000227261,YWHAZP7,64612632,64613262,X,processed_pseudogene
ENSG00000277499,,63087071,63088664,X,processed_pseudogene
ENSG00000147081,AKAP4,50190777,50201007,X,protein_coding
ENSG00000225664,YWHAZP8,73274785,73275515,X,processed_pseudogene
ENSG00000213754,KPNA4P1,64305047,64306733,X,processed_pseudogene
ENSG00000229168,RPL19P20,44649129,44649719,X,processed_pseudogene
ENSG00000102221,JADE3,46912276,47061242,X,protein_coding
ENSG00000189299,FOXR2,55623400,55626192,X,protein_coding
ENSG00000232794,HNRNPDP1,64044305,64045058,X,processed_pseudogene
ENSG00000217835,RBMXP5,65956289,65957196,X,processed_pseudogene
ENSG00000231944,PHKA1-AS1,72688950,72712348,X,lncRNA
ENSG00000187601,MAGEH1,55452127,55453566,X,protein_coding
ENSG00000270280,SMIM15P1,43000174,43000396,X,processed_pseudogene
ENSG00000236276,NDP-AS1,43949732,43971582,X,lncRNA
ENSG00000283737,,42285130,42285925,X,TEC
ENSG00000233661,SPIN4-AS1,63349646,63352178,X,lncRNA
ENSG00000234135,RPL23AP83,56242937,56243409,X,processed_pseudogene
ENSG00000235136,PSMA5P1,55599663,55600106,X,processed_pseudogene
ENSG00000232186,TERF1P7,75326772,75327999,X,processed_pseudogene
ENSG00000213684,LDHBP2,76334841,76335845,X,processed_pseudogene
ENSG00000235170,MTND1P31,62842542,62843502,X,processed_pseudogene
ENSG00000230311,TOMM20P4,73223124,73223558,X,processed_pseudogene
ENSG00000226502,KRT8P27,64623117,64624573,X,processed_pseudogene
ENSG00000283546,,21131496,21163726,X,lncRNA
ENSG00000250349,,37349330,38687674,X,protein_coding
ENSG00000223707,SFR1P2,85849410,85850139,X,processed_pseudogene
ENSG00000230247,HNRNPH3P1,80529037,80530027,X,processed_pseudogene
ENSG00000230665,THAP12P1,74396871,74399550,X,processed_pseudogene
ENSG00000276897,,52409772,52410432,X,unprocessed_pseudogene
ENSG00000225715,PSMA1P1,80709928,80710705,X,processed_pseudogene
ENSG00000237089,PCNPP4,75537547,75538702,X,processed_pseudogene
ENSG00000271693,,88369343,88369459,X,processed_pseudogene
ENSG00000223574,TPMTP4,86128893,86129570,X,processed_pseudogene
ENSG00000233063,SAR1AP4,75884546,75885136,X,processed_pseudogene
ENSG00000196468,FGF16,77447389,77457278,X,protein_coding
ENSG00000232168,P2RY10BP,79084936,79085848,X,unitary_pseudogene
ENSG00000147183,CPXCR1,88747225,88754785,X,protein_coding
ENSG00000224755,HMGN1P34,78519593,78520186,X,processed_pseudogene
ENSG00000227521,TUBB4BP8,94319038,94320025,X,processed_pseudogene
ENSG00000226484,,36365626,36440292,X,lncRNA
ENSG00000232576,,88908403,88908763,X,processed_pseudogene
ENSG00000237211,SETP4,84755136,84756003,X,processed_pseudogene
ENSG00000274022,,90208895,90209418,X,processed_pseudogene
ENSG00000228182,MTND2P25,62843697,62844306,X,processed_pseudogene
ENSG00000236988,CTDSPL2P1,100149783,100151340,X,processed_pseudogene
ENSG00000223467,CALM1P1,95499604,95500036,X,processed_pseudogene
ENSG00000270268,CORO1CP1,79369364,79370165,X,processed_pseudogene
ENSG00000236365,EIF3MP1,82875649,82875885,X,processed_pseudogene
ENSG00000235061,UBE2V1P7,78554412,78554751,X,processed_pseudogene
ENSG00000231706,CYCSP43,69485343,69485652,X,processed_pseudogene
ENSG00000229667,UBE2V1P9,90289536,90289903,X,processed_pseudogene
ENSG00000174740,PABPC5,91434595,91438584,X,protein_coding
ENSG00000186288,PABPC1L2A,73077276,73079512,X,protein_coding
ENSG00000224065,SRIP2,89367435,89367600,X,processed_pseudogene
ENSG00000174225,ARL13A,100969708,100990831,X,protein_coding
ENSG00000213704,EEF1A1P15,98389512,98390919,X,processed_pseudogene
ENSG00000165288,BRWD3,80669503,80809877,X,protein_coding
ENSG00000271290,COPS8P1,86798598,86799226,X,processed_pseudogene
ENSG00000237506,RPSAP15,87703343,87704203,X,processed_pseudogene
ENSG00000287223,,42723209,42755892,X,lncRNA
ENSG00000229132,EIF4A1P10,92113246,92114461,X,processed_pseudogene
ENSG00000230889,SHC1P1,64432401,64434145,X,processed_pseudogene
ENSG00000158813,EDA,69616067,70039472,X,protein_coding
ENSG00000227581,STAU2P1,90039213,90039834,X,processed_pseudogene
ENSG00000231206,HNRNPA1P25,74473017,74473953,X,processed_pseudogene
ENSG00000288059,,81475532,81498083,X,lncRNA
ENSG00000271433,PPATP2,78699384,78699891,X,processed_pseudogene
ENSG00000236185,HNRNPDLP3,95610578,95610957,X,processed_pseudogene
ENSG00000231478,FCF1P9,86481532,86481813,X,transcribed_processed_pseudogene
ENSG00000232069,RPS29P28,96195477,96195617,X,processed_pseudogene
ENSG00000270308,TEX101P1,99656997,99657381,X,processed_pseudogene
ENSG00000225536,STIP1P3,86084716,86086339,X,processed_pseudogene
ENSG00000232842,KAT7P1,95973328,95974315,X,processed_pseudogene
ENSG00000229946,B3GNT2P1,99886740,99887691,X,processed_pseudogene
ENSG00000231875,,81363268,81364170,X,processed_pseudogene
ENSG00000213698,CAPZA1P3,72727977,72728821,X,processed_pseudogene
ENSG00000073905,VDAC1P1,80929500,80930347,X,processed_pseudogene
ENSG00000236243,RPL6P29,98251679,98252543,X,processed_pseudogene
ENSG00000228051,WBP11P3,80560146,80562054,X,processed_pseudogene
ENSG00000220925,IGBP1-AS2,70148582,70149654,X,lncRNA
ENSG00000270826,USP37P1,93776911,93777384,X,processed_pseudogene
ENSG00000271322,,98348451,98348748,X,processed_pseudogene
ENSG00000276892,,85851575,85851682,X,processed_pseudogene
ENSG00000213695,RPS7P14,74409518,74410100,X,processed_pseudogene
ENSG00000226753,FOXN3P2,75888700,75888888,X,processed_pseudogene
ENSG00000271205,,87723089,87723238,X,processed_pseudogene
ENSG00000198934,MAGEE1,76427710,76431342,X,protein_coding
ENSG00000232735,ATG4AP1,82998699,82999236,X,processed_pseudogene
ENSG00000271094,,95453369,95453581,X,processed_pseudogene
ENSG00000229661,BUD31P2,75201491,75201790,X,processed_pseudogene
ENSG00000232293,PAICSP7,94636663,94639570,X,processed_pseudogene
ENSG00000230592,RPSAP8,100155885,100156773,X,processed_pseudogene
ENSG00000270745,,88982215,88982353,X,processed_pseudogene
ENSG00000206062,,91307781,91308878,X,lncRNA
ENSG00000271157,,88827554,88829858,X,processed_pseudogene
ENSG00000271056,MRPS22P1,87807549,87809883,X,processed_pseudogene
ENSG00000230478,,87425583,87425690,X,processed_pseudogene
ENSG00000227434,RNF19BPX,90209796,90210420,X,processed_pseudogene
ENSG00000236870,POMPP1,83559896,83560312,X,processed_pseudogene
ENSG00000224775,BRAFP1,75582676,75585506,X,unprocessed_pseudogene
ENSG00000230275,SERBP1P4,91560436,91561597,X,processed_pseudogene
ENSG00000226081,USP12PX,90112650,90113706,X,processed_pseudogene
ENSG00000233446,PDK1P2,81600072,81601306,X,processed_pseudogene
ENSG00000225012,,89423738,89446983,X,lncRNA
ENSG00000153779,TGIF2LX,89921908,89922883,X,protein_coding
ENSG00000234322,ST13P18,93287733,93288759,X,processed_pseudogene
ENSG00000232267,ACTR3P2,68771322,68772578,X,processed_pseudogene
ENSG00000215089,KRT18P11,92459670,92460952,X,processed_pseudogene
ENSG00000237873,DLGAP5P2,93042490,93042942,X,processed_pseudogene
ENSG00000225025,KIF4CP,79323446,79325217,X,processed_pseudogene
ENSG00000270759,OOEPP1,39791580,39791904,X,processed_pseudogene
ENSG00000226837,HMGB1P32,98422138,98422809,X,processed_pseudogene
ENSG00000215085,GTF3C6P1,95584303,95584942,X,processed_pseudogene
ENSG00000236190,,86888586,86888816,X,processed_pseudogene
ENSG00000235447,TRAPPC13P1,76655498,76656559,X,processed_pseudogene
ENSG00000279437,,83506023,83509214,X,TEC
ENSG00000182574,CSGALNACT2P1,100956593,100957538,X,processed_pseudogene
ENSG00000228612,HK2P1,80571871,80574607,X,processed_pseudogene
ENSG00000228847,ATP5MC2P4,42098754,42099173,X,processed_pseudogene
ENSG00000271209,BRDTP1,96337236,96337912,X,processed_pseudogene
ENSG00000237014,LRRFIP2P1,73237647,73238709,X,processed_pseudogene
ENSG00000234039,NDUFA5P7,86066227,86066468,X,processed_pseudogene
ENSG00000203262,,96070669,96071778,X,processed_pseudogene
ENSG00000226010,,64144872,64147052,X,processed_pseudogene
ENSG00000170925,TEX13B,107980864,107982370,X,protein_coding
ENSG00000282914,,87707579,87750883,X,lncRNA
ENSG00000226307,HNRNPDLP1,95638375,95638924,X,processed_pseudogene
ENSG00000226119,C3orf49P1,102006883,102007294,X,processed_pseudogene
ENSG00000234702,VDAC1P3,91982655,91983505,X,processed_pseudogene
ENSG00000215070,XRCC6P5,99719364,99721158,X,processed_pseudogene
ENSG00000186675,MAGEE2,75782987,75785254,X,protein_coding
ENSG00000215102,TERF1P4,83748825,83749939,X,processed_pseudogene
ENSG00000213740,SERBP1P1,68783472,68785066,X,processed_pseudogene
ENSG00000231001,CCNB1IP1P3,94776739,94777567,X,processed_pseudogene
ENSG00000237381,NT5DC1P1,93388075,93389497,X,processed_pseudogene
ENSG00000286077,,70037840,70039325,X,lncRNA
ENSG00000047597,XK,37685791,37732130,X,protein_coding
ENSG00000229090,,101720340,101721709,X,processed_pseudogene
ENSG00000270446,RPL34P36,87806433,87806769,X,processed_pseudogene
ENSG00000228519,RANBP1P1,25645722,25646327,X,processed_pseudogene
ENSG00000234130,AP2B1P1,93222220,93225015,X,processed_pseudogene
ENSG00000047648,ARHGAP6,11117651,11665920,X,protein_coding
ENSG00000198414,TATDN2P1,44283916,44286246,X,processed_pseudogene
ENSG00000226854,,75903105,75904858,X,lncRNA
ENSG00000270456,,120981529,120981779,X,processed_pseudogene
ENSG00000224054,,44466691,44468955,X,processed_pseudogene
ENSG00000270583,,95720243,95721144,X,processed_pseudogene
ENSG00000285445,TUSC2P2,92770855,92772091,X,processed_pseudogene
ENSG00000271457,,87143854,87144748,X,processed_pseudogene
ENSG00000274374,TUBAP6,115424064,115425600,X,processed_pseudogene
ENSG00000147082,CCNB3,50202713,50351914,X,protein_coding
ENSG00000235239,ACTRT1P1,128127090,128128212,X,processed_pseudogene
ENSG00000270678,,120932901,120933152,X,processed_pseudogene
ENSG00000196767,POU3F4,83508290,83512127,X,protein_coding
ENSG00000228780,,42150511,42150744,X,processed_pseudogene
ENSG00000228041,EIF3JP1,82497669,82497924,X,processed_pseudogene
ENSG00000284618,,81000150,81004217,X,lncRNA
ENSG00000230543,SNX3P1X,92515323,92515497,X,processed_pseudogene
ENSG00000283594,FAM236C,72912615,72913401,X,protein_coding
ENSG00000213498,TPT1P13,121863698,121864196,X,processed_pseudogene
ENSG00000230973,,131437055,131437670,X,processed_pseudogene
ENSG00000226579,MTCYBP31,70120353,70121474,X,processed_pseudogene
ENSG00000270493,,120937762,120938015,X,processed_pseudogene
ENSG00000102055,PPP1R2C,42777366,42778163,X,protein_coding
ENSG00000183035,CYLC1,83861126,83886699,X,protein_coding
ENSG00000224072,VEZTP1,46454097,46457199,X,processed_pseudogene
ENSG00000147223,RIPPLY1,106900063,106903341,X,protein_coding
ENSG00000225957,,52382053,52385614,X,unprocessed_pseudogene
ENSG00000235382,MTND4P31,70124972,70129071,X,processed_pseudogene
ENSG00000215197,PGAM4P1,54671985,54672638,X,processed_pseudogene
ENSG00000215035,FDPSP5,44476027,44477422,X,processed_pseudogene
ENSG00000234901,MTND6P13,102008524,102009046,X,processed_pseudogene
ENSG00000271154,,120942623,120942875,X,processed_pseudogene
ENSG00000235656,RPL36P18,115198432,115198749,X,processed_pseudogene
ENSG00000215093,EEF1A1P29,86160264,86161359,X,processed_pseudogene
ENSG00000235196,,101911529,101912072,X,processed_pseudogene
ENSG00000225728,TMEM230P1,107939263,107939642,X,processed_pseudogene
ENSG00000230706,TMEM184CP1,88061590,88062844,X,processed_pseudogene
ENSG00000235735,RPL7AP72,128313281,128314048,X,processed_pseudogene
ENSG00000260585,,121871869,121876865,X,lncRNA
ENSG00000228450,NLRP7P1,131492279,131492886,X,processed_pseudogene
ENSG00000237206,IMPDH1P4,43278125,43279658,X,processed_pseudogene
ENSG00000226372,DCAF8L1,27977992,27981449,X,protein_coding
ENSG00000213653,RPL22P22,82506434,82506812,X,processed_pseudogene
ENSG00000236735,RPL31P63,68600099,68600473,X,processed_pseudogene
ENSG00000186767,SPIN4,63347228,63351332,X,protein_coding
ENSG00000214018,RRM2P3,44309314,44310476,X,processed_pseudogene
ENSG00000214009,PCNAP3,46058751,46059528,X,processed_pseudogene
ENSG00000228301,RPL7P55,93573834,93574579,X,processed_pseudogene
ENSG00000230916,MTCO1P53,126471705,126472403,X,processed_pseudogene
ENSG00000224217,PRPF4BP1,116748530,116748877,X,processed_pseudogene
ENSG00000198354,DCAF12L2,126163499,126166289,X,protein_coding
ENSG00000236042,,128098032,128098529,X,processed_pseudogene
ENSG00000234463,COX6CP12,68645326,68645527,X,processed_pseudogene
ENSG00000270736,,120966948,120967199,X,processed_pseudogene
ENSG00000189401,OTUD6A,70062457,70064179,X,protein_coding
ENSG00000237891,UBE2V1P16,122010976,122011612,X,processed_pseudogene
ENSG00000230538,PNPLA10P,127390342,127392526,X,processed_pseudogene
ENSG00000234404,SPRYD7P1,77374212,77381319,X,processed_pseudogene
ENSG00000223772,GEMIN8P3,86304367,86305086,X,processed_pseudogene
ENSG00000225949,,133141300,133143940,X,processed_pseudogene
ENSG00000230956,CAPZA1P1,88096393,88097225,X,processed_pseudogene
ENSG00000235425,RPS7P13,95679130,95679627,X,processed_pseudogene
ENSG00000233433,CBLL1P1,121024964,121026563,X,processed_pseudogene
ENSG00000102021,LUZP4,115289715,115307563,X,protein_coding
ENSG00000227234,SPANXB1,141002594,141003706,X,protein_coding
ENSG00000234176,HSPA8P1,121203182,121205014,X,processed_pseudogene
ENSG00000271021,,115454733,115455194,X,processed_pseudogene
ENSG00000225912,RPL26P36,92676519,92676954,X,processed_pseudogene
ENSG00000270619,,118278159,118283367,X,processed_pseudogene
ENSG00000274901,,126502867,126503155,X,unprocessed_pseudogene
ENSG00000280142,,122242008,122242616,X,TEC
ENSG00000046774,MAGEC2,142202342,142205290,X,protein_coding
ENSG00000233243,VKORC1P1,27863893,27864349,X,processed_pseudogene
ENSG00000228532,SUMO2P21,115718942,115719229,X,processed_pseudogene
ENSG00000229829,DUTP4,149817170,149817644,X,processed_pseudogene
ENSG00000271502,,120957227,120957479,X,processed_pseudogene
ENSG00000232149,FERP1,123603139,123603931,X,processed_pseudogene
ENSG00000270431,PHF5AP4,115659713,115660022,X,processed_pseudogene
ENSG00000280275,,127392760,127394771,X,TEC
ENSG00000237650,OR11Q1P,131204068,131205010,X,unprocessed_pseudogene
ENSG00000235334,BTG3P1,128122734,128123496,X,processed_pseudogene
ENSG00000233548,CYCSP44,145176582,145176894,X,processed_pseudogene
ENSG00000235976,H2BP8,101989481,101989872,X,processed_pseudogene
ENSG00000228160,,69569635,69576337,X,lncRNA
ENSG00000183434,TFDP3,133216662,133218354,X,protein_coding
ENSG00000173954,SNURFL,139362040,139362382,X,processed_pseudogene
ENSG00000276205,,131221196,131221436,X,unprocessed_pseudogene
ENSG00000231501,MTND4LP1,126472728,126472884,X,processed_pseudogene
ENSG00000242610,OR5BH1P,131398072,131398957,X,unprocessed_pseudogene
ENSG00000236080,YAP1P2,115069237,115069846,X,processed_pseudogene
ENSG00000236205,,142147862,142148866,X,unprocessed_pseudogene
ENSG00000189252,SPANXN3,143508735,143517475,X,protein_coding
ENSG00000278646,,120877496,120878924,X,protein_coding
ENSG00000226685,CT47A12,120930250,120932301,X,protein_coding
ENSG00000218728,KRT18P44,128714506,128715790,X,processed_pseudogene
ENSG00000271175,,147812733,147812974,X,processed_pseudogene
ENSG00000280752,LINC00850,149825708,149879799,X,lncRNA
ENSG00000271041,,120947483,120947735,X,processed_pseudogene
ENSG00000233467,HAX1P1,148198014,148198878,X,processed_pseudogene
ENSG00000233229,CNOT7P1,69937166,69938017,X,processed_pseudogene
ENSG00000232787,OR7L1P,131596121,131596987,X,unprocessed_pseudogene
ENSG00000228466,TUBB4AP1,123561642,123562966,X,processed_pseudogene
ENSG00000224589,ORC1P1,27893348,27894059,X,processed_pseudogene
ENSG00000275508,,142372276,142373990,X,processed_pseudogene
ENSG00000227303,,143284977,143516803,X,lncRNA
ENSG00000274631,,127623410,127623530,X,processed_pseudogene
ENSG00000230079,STK24P1,136295690,136300298,X,processed_pseudogene
ENSG00000280223,,126004446,126006118,X,TEC
ENSG00000235729,,143806391,143806733,X,processed_pseudogene
ENSG00000236747,LINC01282,39367285,39391807,X,lncRNA
ENSG00000231694,,149760779,149760874,X,unprocessed_pseudogene
ENSG00000232549,SRD5A1P1,139446891,139447676,X,processed_pseudogene
ENSG00000230788,CTDSPL2P2,106070481,106073202,X,processed_pseudogene
ENSG00000271826,PLS3-AS1,115518182,115562731,X,lncRNA
ENSG00000225469,,142172866,142173989,X,unprocessed_pseudogene
ENSG00000102239,BRS3,136487947,136493780,X,protein_coding
ENSG00000198881,ASB12,64224194,64230607,X,protein_coding
ENSG00000226929,CT47A11,120933840,120937158,X,protein_coding
ENSG00000270709,UFM1P1,145768095,145768342,X,processed_pseudogene
ENSG00000235274,,127728734,127730858,X,processed_pseudogene
ENSG00000287796,,147879361,147885249,X,lncRNA
ENSG00000288258,,155061622,155065519,X,protein_coding
ENSG00000234712,,145232929,145233619,X,lncRNA
ENSG00000229322,,149649174,149650124,X,processed_pseudogene
ENSG00000237828,PA2G4P1,120868611,120869807,X,processed_pseudogene
ENSG00000184675,AMER1,64185117,64205708,X,protein_coding
ENSG00000223995,RPL32P35,128838441,128838834,X,processed_pseudogene
ENSG00000270397,,120952344,120952595,X,processed_pseudogene
ENSG00000232496,RPL3P12,122538253,122539460,X,processed_pseudogene
ENSG00000198573,SPANXC,141241463,141242517,X,protein_coding
ENSG00000270771,,120971808,120972059,X,processed_pseudogene
ENSG00000176970,RPL7L1P11,148464708,148465428,X,processed_pseudogene
ENSG00000203923,SPANXN1,145247503,145256208,X,protein_coding
ENSG00000268883,PNMA6B,153075769,153076968,X,unprocessed_pseudogene
ENSG00000250625,,142194352,142195490,X,unprocessed_pseudogene
ENSG00000235254,TMEM185AP1,149768897,149771368,X,unprocessed_pseudogene
ENSG00000231093,TRMT1P1,145630218,145632375,X,processed_pseudogene
ENSG00000232177,MTND4P24,126472885,126473281,X,processed_pseudogene
ENSG00000183171,,150114378,150116520,X,processed_pseudogene
ENSG00000185903,OR11N1P,131324391,131325313,X,unprocessed_pseudogene
ENSG00000235329,,113347413,113347619,X,processed_pseudogene
ENSG00000171116,HSFX1,149774068,149776867,X,protein_coding
ENSG00000182712,CMC4,155061622,155071136,X,protein_coding
ENSG00000223516,AFF2-IT1,148546878,148547397,X,lncRNA
ENSG00000270646,,120976668,120976919,X,processed_pseudogene
ENSG00000228042,M6PRP1,110636841,110637672,X,processed_pseudogene
ENSG00000226064,PGBD4P6,143343976,143344585,X,processed_pseudogene
ENSG00000229562,ZFYVE9P1,137660519,137662242,X,processed_pseudogene
ENSG00000156009,MAGEA8,149881141,149885835,X,protein_coding
ENSG00000271660,,146964176,146964485,X,processed_pseudogene
ENSG00000279585,,145797375,145798439,X,TEC
ENSG00000224548,,127796124,127796733,X,processed_pseudogene
ENSG00000270251,,120986388,120986639,X,processed_pseudogene
ENSG00000237208,,126109762,126115562,X,lncRNA
ENSG00000228517,CT47A7,120953282,120956600,X,protein_coding
ENSG00000274579,,147476324,147476446,X,processed_pseudogene
ENSG00000213924,HNRNPH1P2,143677153,143678362,X,processed_pseudogene
ENSG00000182195,LDOC1,141111605,141177129,X,protein_coding
ENSG00000224630,,144308834,144309080,X,processed_pseudogene
ENSG00000235539,MTND1P33,143433042,143433958,X,processed_pseudogene
ENSG00000241489,,149477104,149540926,X,protein_coding
ENSG00000213423,RBMX2P2,141261119,141264213,X,processed_pseudogene
ENSG00000224931,,153122145,153128323,X,processed_pseudogene
ENSG00000237741,,148498113,148500615,X,lncRNA
ENSG00000185247,MAGEA11,149688228,149717268,X,protein_coding
ENSG00000102195,GPR50,151176584,151181465,X,protein_coding
ENSG00000269911,FAM226B,72777608,72779097,X,lncRNA
ENSG00000228833,,149757797,149757895,X,unprocessed_pseudogene
ENSG00000166049,PASD1,151563675,151676739,X,protein_coding
ENSG00000223377,,149758021,149758295,X,unprocessed_pseudogene
ENSG00000226414,MTCYBP38,126729104,126730226,X,processed_pseudogene
ENSG00000229269,,140931738,140997448,X,lncRNA
ENSG00000224732,MAGEA7P,149808214,149809155,X,unprocessed_pseudogene
ENSG00000238039,,149511509,149526264,X,lncRNA
ENSG00000225110,PNMA6F,153317680,153321767,X,protein_coding
ENSG00000227779,NDUFB3P5,141380823,141381107,X,processed_pseudogene
ENSG00000241769,EOLA1-DT,149527591,149540959,X,lncRNA
ENSG00000214925,RPL36AP52,141138478,141139174,X,processed_pseudogene
ENSG00000196406,SPANXD,141697411,141698739,X,protein_coding
ENSG00000230130,MTND2P39,143434517,143435280,X,processed_pseudogene
ENSG00000235598,RRM2P4,144309132,144309693,X,processed_pseudogene
ENSG00000234748,,146537535,146538048,X,processed_pseudogene
ENSG00000226388,ELL2P4,146553728,146555765,X,processed_pseudogene
ENSG00000231686,ANKRD11P2,146619597,146620584,X,processed_pseudogene
ENSG00000176289,IDSP1,149525001,149526043,X,unprocessed_pseudogene
ENSG00000185010,F8,154835788,155026940,X,protein_coding
ENSG00000228717,NAB1P1,151226229,151227715,X,processed_pseudogene
ENSG00000215054,HNRNPCP10,144840777,144841660,X,processed_pseudogene
ENSG00000227183,HDGFP1,131646639,131646890,X,processed_pseudogene
ENSG00000183631,PRR32,126819729,126821786,X,protein_coding
ENSG00000224314,TCERG1P1,117399452,117400081,X,processed_pseudogene
ENSG00000271211,,120962087,120962339,X,processed_pseudogene
ENSG00000235699,CXorf51B,146809771,146810411,X,protein_coding
ENSG00000155966,AFF2,148500617,149000663,X,protein_coding
ENSG00000213652,HMGB3P30,112689915,112690520,X,processed_pseudogene
ENSG00000198889,DCAF12L1,126549383,126552814,X,protein_coding
ENSG00000213526,SETP8,116963049,116963676,X,processed_pseudogene
ENSG00000230823,CBX1P1,63299247,63299673,X,processed_pseudogene
ENSG00000234288,OR1AA1P,131424301,131425239,X,unprocessed_pseudogene
ENSG00000182890,GLUD2,121047610,121050094,X,protein_coding
ENSG00000287098,,40620701,40622109,X,lncRNA
ENSG00000234592,TJAP1P1,129041536,129043183,X,processed_pseudogene
ENSG00000234785,EEF1GP5,115702811,115704120,X,processed_pseudogene
ENSG00000226802,RUVBL2P1,128440929,128441785,X,processed_pseudogene
ENSG00000238066,,117397938,117398206,X,processed_pseudogene
ENSG00000287379,,121065882,121078538,X,lncRNA
ENSG00000285547,,72301691,72572843,X,protein_coding
ENSG00000271346,,120876552,120876805,X,processed_pseudogene
ENSG00000235991,,155137111,155156503,X,unprocessed_pseudogene
ENSG00000232249,,153355733,153355956,X,unprocessed_pseudogene
ENSG00000238223,,115063936,115064794,X,processed_pseudogene
ENSG00000224978,CD84P1,155212921,155213638,X,processed_pseudogene
ENSG00000225858,MATR3P1,72660470,72660719,X,processed_pseudogene
ENSG00000156920,ADGRG4,136300963,136416890,X,protein_coding
ENSG00000235892,PKMP2,66497748,66499424,X,processed_pseudogene
ENSG00000229979,HMGN2P48,153052150,153052413,X,processed_pseudogene
ENSG00000233254,RPL21P134,75384346,75384828,X,processed_pseudogene
ENSG00000155961,RAB39B,155258235,155264491,X,protein_coding
ENSG00000227505,SLIRPP1,147801005,147801302,X,processed_pseudogene
ENSG00000186310,NAP1L3,93670930,93673578,X,protein_coding
ENSG00000237860,SLC6A14P2,116688870,116690185,X,unprocessed_pseudogene
ENSG00000189372,,108383398,108383993,X,unprocessed_pseudogene
ENSG00000236077,SLC6A14P1,116669810,116680303,X,unprocessed_pseudogene
ENSG00000229145,ACTBP1,46288016,46289128,X,processed_pseudogene
ENSG00000228855,,147591612,147591909,X,processed_pseudogene
ENSG00000229082,OR5AW1P,131341570,131342425,X,unprocessed_pseudogene
ENSG00000204019,CT83,116461686,116462976,X,protein_coding
ENSG00000236413,,91422309,91422538,X,processed_pseudogene
ENSG00000229733,,123558350,123558584,X,processed_pseudogene
ENSG00000237225,OR13K1P,131562729,131563846,X,unprocessed_pseudogene
ENSG00000203926,SPANXA2,141589708,141590762,X,protein_coding
ENSG00000207435,RNU6-114P,3572857,3572961,X,snRNA
ENSG00000207628,MIR651,8126965,8127061,X,miRNA
ENSG00000252291,,6061644,6061749,X,snoRNA
ENSG00000212214,SNORA48B,3532117,3532251,X,snoRNA
ENSG00000207151,Y_RNA,11116092,11116193,X,misc_RNA
ENSG00000207320,Y_RNA,3641443,3641555,X,misc_RNA
ENSG00000201660,,5410122,5410251,X,snoRNA
ENSG00000265284,MIR4770,6383906,6383963,X,miRNA
ENSG00000263652,MIR548AX,11318614,11318686,X,miRNA
ENSG00000207332,RNU6-146P,3607258,3607365,X,snRNA
ENSG00000239333,RN7SL658P,16539137,16539439,X,misc_RNA
ENSG00000278218,,11148584,11148769,X,misc_RNA
ENSG00000207025,Y_RNA,18395994,18396095,X,misc_RNA
ENSG00000265144,MIR548AM,16627012,16627085,X,miRNA
ENSG00000200852,RNA5SP499,9133828,9133946,X,rRNA_pseudogene
ENSG00000252978,RN7SKP183,20452108,20452431,X,misc_RNA
ENSG00000206716,RNU6-133P,21214637,21214743,X,snRNA
ENSG00000206639,Y_RNA,21872707,21872808,X,misc_RNA
ENSG00000206733,RNU6-641P,36021939,36022045,X,snRNA
ENSG00000207122,RNU6-591P,39081180,39081285,X,snRNA
ENSG00000206983,RNU6-49P,37870109,37870215,X,snRNA
ENSG00000221466,MIR548AJ2,38023895,38023986,X,miRNA
ENSG00000252411,RNU6-1087P,35594173,35594273,X,snRNA
ENSG00000264618,RN7SL732P,39786524,39786823,X,misc_RNA
ENSG00000263730,MIR3937,39661216,39661321,X,miRNA
ENSG00000238730,RNU7-164P,40535502,40535563,X,snRNA
ENSG00000206896,RNU6-1124P,42174279,42174385,X,snRNA
ENSG00000212560,RNU6-630P,42139425,42139530,X,snRNA
ENSG00000199226,RNU6-50P,46517766,46517868,X,snRNA
ENSG00000277721,Metazoa_SRP,46553522,46553775,X,misc_RNA
ENSG00000278838,Metazoa_SRP,46073651,46073935,X,misc_RNA
ENSG00000200702,Y_RNA,44401603,44401704,X,misc_RNA
ENSG00000202495,Y_RNA,50171197,50171297,X,misc_RNA
ENSG00000207758,MIR532,50003148,50003238,X,miRNA
ENSG00000207768,MIR188,50003503,50003588,X,miRNA
ENSG00000207785,MIR500A,50008431,50008514,X,miRNA
ENSG00000208015,MIR362,50008964,50009028,X,miRNA
ENSG00000211538,MIR501,50009722,50009805,X,miRNA
ENSG00000239057,MIR500B,50010672,50010750,X,miRNA
ENSG00000207970,MIR660,50013241,50013337,X,miRNA
ENSG00000272080,MIR502,50014598,50014683,X,miRNA
ENSG00000244006,RN7SL799P,64210691,64210988,X,misc_RNA
ENSG00000284567,MIR223,66018870,66018979,X,miRNA
ENSG00000212434,U3,69692956,69693155,X,snoRNA
ENSG00000275335,MIR8088,52336557,52336642,X,miRNA
ENSG00000266328,MIR4536-2,55451495,55451582,X,miRNA
ENSG00000211991,MIR676,70022857,70022923,X,miRNA
ENSG00000199601,RNU6-562P,75202703,75202809,X,snRNA
ENSG00000283334,MIR4536-1,55451495,55451582,X,miRNA
ENSG00000201447,RNA5SP509,77066709,77066827,X,rRNA_pseudogene
ENSG00000285776,5S_rRNA,69672479,69672597,X,rRNA_pseudogene
ENSG00000273788,U3,72726122,72726337,X,snoRNA
ENSG00000283622,MIR4328,78901194,78901249,X,miRNA
ENSG00000202183,,82561201,82561347,X,snoRNA
ENSG00000239745,RN7SL790P,74390692,74390989,X,misc_RNA
ENSG00000283435,MIR1321,85835780,85835858,X,miRNA
ENSG00000200635,Y_RNA,55582733,55582834,X,misc_RNA
ENSG00000222440,RNU2-26P,91798093,91798283,X,snRNA
ENSG00000212495,RNU6-332P,94003815,94003922,X,snRNA
ENSG00000200422,,87146733,87146804,X,snoRNA
ENSG00000277717,U6,86481028,86481130,X,snRNA
ENSG00000201567,RNA5SP510,95582064,95582162,X,rRNA_pseudogene
ENSG00000221187,MIR548M,95063141,95063226,X,miRNA
ENSG00000252016,,88148792,88148918,X,snoRNA
ENSG00000283242,MIR384,76919273,76919360,X,miRNA
ENSG00000207995,MIR325,77005404,77005501,X,miRNA
ENSG00000201271,RNU1-112P,72740706,72740869,X,snRNA
ENSG00000223259,RNA5SP508,76655009,76655127,X,rRNA_pseudogene
ENSG00000199051,MIR361,85903636,85903707,X,miRNA
ENSG00000202410,Y_RNA,94178005,94178106,X,misc_RNA
ENSG00000199567,Y_RNA,86019608,86019715,X,misc_RNA
ENSG00000206826,RNU6-974P,82001220,82001327,X,snRNA
ENSG00000212546,RNU6-995P,80936434,80936540,X,snRNA
ENSG00000252810,RNU6-345P,101915589,101915695,X,snRNA
ENSG00000212623,RNU6-493P,80900757,80900864,X,snRNA
ENSG00000222667,RNU6-394P,66676258,66676364,X,snRNA
ENSG00000252296,,100100084,100100172,X,snoRNA
ENSG00000223260,RN7SKP194,96410432,96410782,X,misc_RNA
ENSG00000239008,,80857076,80857202,X,snoRNA
ENSG00000201443,RNU6-309P,108826764,108826869,X,snRNA
ENSG00000275110,,109054542,109054590,X,miRNA
ENSG00000222122,RNU6-648P,115032427,115032533,X,snRNA
ENSG00000271907,SNORA35B,115126316,115126444,X,snoRNA
ENSG00000212241,Y_RNA,115139030,115139123,X,misc_RNA
ENSG00000252441,,115545637,115545717,X,snoRNA
ENSG00000207515,RNU6-555P,90597235,90597340,X,snRNA
ENSG00000207363,Y_RNA,107901145,107901246,X,misc_RNA
ENSG00000242998,RN7SL379P,96023360,96023652,X,misc_RNA
ENSG00000206752,RNU6-1323P,116850839,116850945,X,snRNA
ENSG00000207033,RNU6-154P,116400848,116400953,X,snRNA
ENSG00000265456,MIR3672,121370972,121371053,X,miRNA
ENSG00000212321,U3,122840426,122840645,X,snoRNA
ENSG00000252930,RNU6-1015P,112919132,112919230,X,snRNA
ENSG00000207100,,133152754,133152892,X,snoRNA
ENSG00000252163,RN7SKP31,138397351,138397628,X,misc_RNA
ENSG00000216060,MIR934,136550878,136550960,X,miRNA
ENSG00000207041,RNU6-3P,141118030,141118136,X,snRNA
ENSG00000199878,RN7SKP149,143197248,143197591,X,misc_RNA
ENSG00000201594,RNA5SP517,146427456,146427572,X,rRNA_pseudogene
ENSG00000201000,RNA5SP516,142411053,142411171,X,rRNA_pseudogene
ENSG00000207866,MIR514A2,147281943,147282030,X,miRNA
ENSG00000207868,MIR514A1,147279247,147279344,X,miRNA
ENSG00000202473,RN7SKP81,143090347,143090677,X,misc_RNA
ENSG00000221081,MIR320D2,140926172,140926219,X,miRNA
ENSG00000239579,RN7SL325P,137595265,137595547,X,misc_RNA
ENSG00000252219,MIR892C,145992750,145992826,X,miRNA
ENSG00000207867,MIR514A3,147284641,147284728,X,miRNA
ENSG00000216075,MIR890,145994275,145994351,X,miRNA
ENSG00000222114,RNU6-985P,137687891,137687994,X,snRNA
ENSG00000216005,MIR888,145994784,145994860,X,miRNA
ENSG00000215943,MIR892A,145996669,145996743,X,miRNA
ENSG00000216098,MIR892B,145997198,145997274,X,miRNA
ENSG00000216064,MIR891B,146001053,146001131,X,miRNA
ENSG00000202199,RNU1-115P,133238657,133238816,X,snRNA
ENSG00000207641,MIR510,147272335,147272408,X,miRNA
ENSG00000216056,MIR891A,146027794,146027872,X,miRNA
ENSG00000199424,Y_RNA,136571705,136571815,X,misc_RNA
ENSG00000265789,MIR4330,151168222,151168326,X,miRNA
ENSG00000278724,Metazoa_SRP,151275509,151275789,X,misc_RNA
ENSG00000222313,RN7SKP267,148822164,148822448,X,misc_RNA
ENSG00000201912,RN7SKP189,145057108,145057437,X,misc_RNA
ENSG00000216171,MIR513C,147189704,147189787,X,miRNA
ENSG00000207871,MIR513B,147199044,147199127,X,miRNA
ENSG00000207873,MIR513A1,147213463,147213591,X,miRNA
ENSG00000207984,MIR513A2,147225826,147225952,X,miRNA
ENSG00000207731,MIR506,147230720,147230843,X,miRNA
ENSG00000207969,MIR507,147230984,147231077,X,miRNA
ENSG00000207589,MIR508,147236913,147237027,X,miRNA
ENSG00000252583,MIR514B,147250151,147250230,X,miRNA
ENSG00000212013,MIR509-2,147258760,147258850,X,miRNA
ENSG00000212014,MIR509-3,147259652,147259726,X,miRNA
ENSG00000208000,MIR509-1,147260532,147260625,X,miRNA
ENSG00000202051,RNU6-382P,147827279,147827384,X,snRNA
ENSG00000237623,NICN2P,47273366,47274390,X,processed_pseudogene
ENSG00000266158,RN7SL785P,47280811,47281063,X,misc_RNA
ENSG00000203402,,47297852,47298721,X,lncRNA
ENSG00000221459,SNORA11C,47388649,47388777,X,snoRNA
ENSG00000232009,,47389961,47392300,X,processed_pseudogene
ENSG00000226556,NPM1P49,47438736,47439774,X,processed_pseudogene
ENSG00000277605,Metazoa_SRP,47476822,47477152,X,misc_RNA
ENSG00000283743,,47575128,47628742,X,lncRNA
ENSG00000263858,MIR4769,47587429,47587505,X,miRNA
ENSG00000224656,SMSP1,47718002,47719099,X,processed_pseudogene
ENSG00000229968,,47776827,47778697,X,processed_pseudogene
ENSG00000188459,WASF4P,47803296,47804789,X,processed_pseudogene
ENSG00000224401,RPL7P57,47840963,47841702,X,processed_pseudogene
ENSG00000224208,ZCRB1P1,71314912,71315879,X,processed_pseudogene
ENSG00000275975,Metazoa_SRP,71368666,71368968,X,misc_RNA
ENSG00000229601,,71413834,71414086,X,processed_pseudogene
ENSG00000213018,PABPN1P1,71420083,71420514,X,processed_pseudogene
ENSG00000199751,Y_RNA,71491066,71491167,X,misc_RNA
ENSG00000215120,SOCS6P1,71527814,71530225,X,processed_pseudogene
ENSG00000186810,CXCR3,71615916,71618511,X,protein_coding
ENSG00000225008,TWF1P2,155290360,155291353,X,processed_pseudogene
ENSG00000228986,PHF10P1,155292169,155293432,X,processed_pseudogene
ENSG00000230491,SRD5A2P1,155310247,155310490,X,processed_pseudogene
ENSG00000221190,MIR1184-2,155383100,155383198,X,miRNA
ENSG00000221603,MIR1184-3,155457517,155457615,X,miRNA
ENSG00000277745,H2AB3,155459415,155460005,X,protein_coding
ENSG00000237801,AMD1P2,155828585,155829576,X,processed_pseudogene
ENSG00000237040,DPH3P2,155875636,155875885,X,processed_pseudogene
ENSG00000228410,ELOCP24,155978992,155979325,X,processed_pseudogene
ENSG00000223484,TRPC6P1,155985370,155986249,X,processed_pseudogene
ENSG00000270726,,156004218,156022236,X,lncRNA
ENSG00000227159,DDX11L16,156025664,156027877,X,unprocessed_pseudogene
ENSG00000102076,OPN1LW,154144243,154159032,X,protein_coding
ENSG00000268221,OPN1MW,154182596,154196861,X,protein_coding
ENSG00000274962,TEX28P1,154196471,154213487,X,unprocessed_pseudogene
ENSG00000277009,TEX28P3,154233615,154251288,X,unprocessed_pseudogene
ENSG00000207165,SNORA70,154400281,154400415,X,snoRNA
ENSG00000276350,MIR6858,154450320,154450386,X,miRNA
ENSG00000102178,UBL4A,154483717,154486615,X,protein_coding
ENSG00000264484,RN7SL697P,154495815,154496113,X,misc_RNA
ENSG00000273041,ATF4P2,154580926,154581998,X,processed_pseudogene
ENSG00000232155,,154605858,154605950,X,processed_pseudogene
ENSG00000228464,,26345236,26346242,X,processed_pseudogene
ENSG00000231388,FMN2P1,26496936,26505603,X,processed_pseudogene
ENSG00000236160,,26657291,26657507,X,processed_pseudogene
ENSG00000216938,RPL7P58,26686026,26687955,X,processed_pseudogene
ENSG00000236683,HMGA1P1,26748029,26749090,X,processed_pseudogene
ENSG00000252491,RNU1-142P,26790142,26790286,X,snRNA
ENSG00000283446,,85143427,85156444,X,unprocessed_pseudogene
ENSG00000276391,,85207187,85210649,X,processed_pseudogene
ENSG00000226280,,67373573,67375520,X,processed_pseudogene
ENSG00000233710,,67533163,67533987,X,processed_pseudogene
ENSG00000234201,BMI1P1,67791955,67792895,X,processed_pseudogene
ENSG00000222419,RNA5SP511,103850797,103850911,X,rRNA_pseudogene
ENSG00000231787,H2BP9,103904322,103904754,X,processed_pseudogene
ENSG00000276298,,103909126,103909449,X,unprocessed_pseudogene
ENSG00000234345,ELF2P1,103910305,103911352,X,processed_pseudogene
ENSG00000230312,SLC25A53P1,103928099,103929017,X,processed_pseudogene
ENSG00000227067,DPPA3P1,103961811,103962279,X,processed_pseudogene
ENSG00000282840,MSL3-DT,11668401,11757718,X,lncRNA
ENSG00000223418,LIMK2P1,11704123,11705590,X,processed_pseudogene
ENSG00000005302,MSL3,11758159,11775772,X,protein_coding
ENSG00000206792,Y_RNA,12054824,12054926,X,misc_RNA
ENSG00000206795,Y_RNA,12149126,12149238,X,misc_RNA
ENSG00000223487,FRMPD4-AS1,12373167,12375133,X,lncRNA
ENSG00000231211,RPL17P49,12395757,12396167,X,processed_pseudogene
ENSG00000273800,,12583415,12583526,X,unprocessed_pseudogene
ENSG00000271814,RN7SKP290,12614003,12614197,X,misc_RNA
ENSG00000229083,PSMA6P2,12825840,12826833,X,processed_pseudogene
ENSG00000230691,MRPL35P4,12844865,12845430,X,processed_pseudogene
ENSG00000196664,TLR7,12867072,12890361,X,protein_coding
ENSG00000233338,TLR8-AS1,12902817,12908333,X,lncRNA
ENSG00000250084,,52448587,52451138,X,unprocessed_pseudogene
ENSG00000278358,,52480836,52481131,X,processed_pseudogene
ENSG00000278160,,52481515,52483950,X,unprocessed_pseudogene
ENSG00000275643,RBM22P6,52485046,52485912,X,processed_pseudogene
ENSG00000204379,XAGE1A,52495808,52500812,X,protein_coding
ENSG00000223395,RBM22P7,52509903,52510182,X,processed_pseudogene
ENSG00000277289,,52531709,52532051,X,processed_pseudogene
ENSG00000231593,,52561769,52562301,X,unprocessed_pseudogene
ENSG00000185319,SSX14P,52598494,52603289,X,unprocessed_pseudogene
ENSG00000197185,SSX11P,52606535,52611758,X,unprocessed_pseudogene
ENSG00000234792,,52612656,52613523,X,processed_pseudogene
ENSG00000187754,SSX7,52644061,52654900,X,protein_coding
ENSG00000228354,,52655207,52657254,X,processed_pseudogene
ENSG00000222608,RNA5SP504,52665231,52665347,X,rRNA_pseudogene
ENSG00000225508,SSX15P,52672718,52677051,X,unprocessed_pseudogene
ENSG00000237275,S100A11P10,52687363,52687633,X,processed_pseudogene
ENSG00000223958,,52707602,52709933,X,processed_pseudogene
ENSG00000225397,,52722338,52722524,X,processed_pseudogene
ENSG00000229826,,52735901,52736107,X,processed_pseudogene
ENSG00000269281,S100A11P8,52770809,52771080,X,processed_pseudogene
ENSG00000226867,SSX21P,52781452,52785786,X,unprocessed_pseudogene
ENSG00000204363,SPANXN5,52796144,52797427,X,protein_coding
ENSG00000224781,EIF4A2P4,52832704,52833899,X,processed_pseudogene
ENSG00000220541,PPIHP2,113522482,113522989,X,processed_pseudogene
ENSG00000270524,QTRT1P1,113882590,113883667,X,processed_pseudogene
ENSG00000201674,U3,113944186,113944399,X,snoRNA
ENSG00000207220,RNU1-57P,113949917,113950082,X,snRNA
ENSG00000240327,RN7SL93P,113976341,113976633,X,misc_RNA
ENSG00000212611,SNORD30,114017033,114017102,X,snoRNA
ENSG00000211578,MIR766,119646738,119646848,X,miRNA
ENSG00000214321,CBX1P4,17282637,17283093,X,processed_pseudogene
ENSG00000238764,,17357930,17358033,X,snoRNA
ENSG00000265465,MIR4768,17425881,17425954,X,miRNA
ENSG00000235834,,17528435,17587160,X,lncRNA
ENSG00000230020,NHS-AS1,17552349,17557387,X,lncRNA
ENSG00000226153,CHP1P3,17705339,17705691,X,processed_pseudogene
ENSG00000227873,FAM136GP,17769005,17769398,X,processed_pseudogene
ENSG00000277150,F8A3,155456914,155458620,X,protein_coding
ENSG00000184388,PABPC1L2B,73002939,73006106,X,protein_coding
ENSG00000175718,RBMXL3,115189410,115192868,X,protein_coding
ENSG00000268447,SSX2B,52751132,52790305,X,protein_coding
ENSG00000275520,FAM236A,72938163,72938958,X,protein_coding
ENSG00000283463,HSFX4,149929573,149931287,X,protein_coding
ENSG00000063587,ZNF275,153334147,153360110,X,protein_coding
ENSG00000147117,ZNF157,47370578,47414498,X,protein_coding
ENSG00000130054,NALF2,69504326,69532508,X,protein_coding
ENSG00000235961,PNMA6A,153072454,153075019,X,protein_coding
ENSG00000199564,RNA5SP502,41292798,41292916,X,rRNA_pseudogene
ENSG00000238426,Y_RNA,41316488,41316589,X,misc_RNA
ENSG00000226641,SHISA5P1,41322601,41323111,X,processed_pseudogene
ENSG00000264573,RN7SL15P,41345576,41345876,X,misc_RNA
ENSG00000225238,GEMIN7P1,41472264,41472653,X,processed_pseudogene
ENSG00000212207,RNU6-1321P,41570923,41571029,X,snRNA
ENSG00000217624,YWHAZP10,41675760,41676494,X,processed_pseudogene
ENSG00000242559,RN7SL144P,41683168,41683462,X,misc_RNA
ENSG00000229822,RPS15AP39,41748222,41748608,X,processed_pseudogene
ENSG00000237875,,41790192,41790250,X,processed_pseudogene
ENSG00000251807,RNU6-202P,41919254,41919349,X,snRNA
ENSG00000237106,FABP5P15,77727867,77728080,X,processed_pseudogene
ENSG00000200906,RNU6-854P,77837289,77837395,X,snRNA
ENSG00000263410,RN7SL460P,77885377,77885634,X,misc_RNA
ENSG00000234391,,48306769,48309055,X,processed_pseudogene
ENSG00000227302,SSX19P,48322349,48326683,X,unprocessed_pseudogene
ENSG00000230100,,48333675,48334439,X,lncRNA
ENSG00000270747,S100A11P9,48336899,48337169,X,processed_pseudogene
ENSG00000165584,SSX3,48346427,48356707,X,protein_coding
ENSG00000225055,,48357125,48359495,X,processed_pseudogene
ENSG00000234448,,48371905,48372095,X,processed_pseudogene
ENSG00000268009,SSX4,48383516,48393347,X,protein_coding
ENSG00000231603,,48412303,48415285,X,processed_pseudogene
ENSG00000231489,,48423342,48423468,X,processed_pseudogene
ENSG00000226971,,48446893,48448879,X,processed_pseudogene
ENSG00000286268,,48521806,48545469,X,protein_coding
ENSG00000276823,Metazoa_SRP,48524480,48524806,X,misc_RNA
ENSG00000202469,Y_RNA,10061222,10061323,X,misc_RNA
ENSG00000227042,,10242339,10365323,X,lncRNA
ENSG00000207202,RNU6-800P,10582817,10582919,X,snRNA
ENSG00000165195,PIGA,15319452,15335554,X,protein_coding
ENSG00000234019,,53093710,53094858,X,lncRNA
ENSG00000235224,,53113018,53113274,X,processed_pseudogene
ENSG00000231340,ACTG1P10,53142832,53143913,X,processed_pseudogene
ENSG00000227329,,53164391,53164557,X,processed_pseudogene
ENSG00000276575,MIR6895,53195411,53195488,X,miRNA
ENSG00000277474,MIR6894,53198889,53198945,X,miRNA
ENSG00000235262,KDM5C-IT1,53212408,53214679,X,lncRNA
ENSG00000226299,RPSAP62,53322990,53323822,X,processed_pseudogene
ENSG00000207408,Y_RNA,53324562,53324674,X,misc_RNA
ENSG00000236571,,53337783,53337973,X,processed_pseudogene
ENSG00000234413,MPV17L2P1,53340986,53341505,X,processed_pseudogene
ENSG00000278204,MIR6857,53405673,53405765,X,miRNA
ENSG00000233250,,53432722,53433032,X,lncRNA
ENSG00000235416,TIPINP1,53456273,53457029,X,processed_pseudogene
ENSG00000199422,VTRNA3-1P,53462209,53462310,X,misc_RNA
ENSG00000224942,EEDP1,140397062,140398311,X,processed_pseudogene
ENSG00000275268,U7,140451148,140451208,X,snRNA
ENSG00000225758,RPS17P17,140470866,140471274,X,processed_pseudogene
ENSG00000134595,SOX3,140502985,140505069,X,protein_coding
ENSG00000237793,RPL18AP16,153662162,153662692,X,processed_pseudogene
ENSG00000244335,RN7SL687P,153666226,153666510,X,misc_RNA
ENSG00000184844,CYCSP45,153841251,153841565,X,processed_pseudogene
ENSG00000284987,,153872221,153909223,X,protein_coding
ENSG00000265176,MIR3202-1,153981097,153981177,X,miRNA
ENSG00000283694,MIR3202-2,153981098,153981176,X,miRNA
ENSG00000284286,MIR718,154019920,154019989,X,miRNA
ENSG00000202024,RNU6-934P,101325404,101325510,X,snRNA
ENSG00000257529,RPL36A-HNRNPH2,101391011,101412297,X,protein_coding
ENSG00000217889,KRT18P48,153604497,153605348,X,processed_pseudogene
ENSG00000229324,NUTF2P7,71016531,71016905,X,processed_pseudogene
ENSG00000212605,RNU1-56P,71020275,71020438,X,snRNA
ENSG00000204165,CXorf65,71103889,71106788,X,protein_coding
ENSG00000285171,,71103987,71111575,X,protein_coding
ENSG00000271886,MIR98,53556223,53556341,X,miRNA
ENSG00000208012,MIRLET7F2,53557192,53557274,X,miRNA
ENSG00000230673,PABPC1P3,74583088,74583546,X,processed_pseudogene
ENSG00000199885,RNU6-330P,74680053,74680159,X,snRNA
ENSG00000271589,,74769639,74769798,X,processed_pseudogene
ENSG00000050030,NEXMIF,74732856,74925472,X,protein_coding
ENSG00000214016,RPSAP61,44741087,44741964,X,processed_pseudogene
ENSG00000242065,RN7SL291P,44772773,44773061,X,misc_RNA
ENSG00000189037,DUSP21,44844021,44844888,X,protein_coding
ENSG00000230934,,71691932,71692179,X,processed_pseudogene
ENSG00000237182,,71736454,71736703,X,processed_pseudogene
ENSG00000237717,,71744828,71745077,X,processed_pseudogene
ENSG00000224617,,71789386,71789636,X,processed_pseudogene
ENSG00000229030,,71848775,71849004,X,processed_pseudogene
ENSG00000230162,CT45A11P,135942478,135947139,X,unprocessed_pseudogene
ENSG00000219930,GAPDHP67,136077844,136078631,X,processed_pseudogene
ENSG00000231513,E2F6P4,136097835,136098348,X,processed_pseudogene
ENSG00000239080,,136134317,136134420,X,snoRNA
ENSG00000214720,KRT18P49,107428630,107429461,X,processed_pseudogene
ENSG00000147224,PRPS1,107628428,107651993,X,protein_coding
ENSG00000275113,GAGE2E,49341192,49345922,X,protein_coding
ENSG00000236737,GAGE12B,49529869,49529985,X,protein_coding
ENSG00000213856,VDAC1P2,49632500,49633349,X,processed_pseudogene
ENSG00000227391,SALL1P1,49664844,49668680,X,processed_pseudogene
ENSG00000068985,PAGE1,49687447,49695984,X,protein_coding
ENSG00000252454,MIR2114,150228004,150228083,X,miRNA
ENSG00000234825,XRCC6P2,150231075,150232896,X,processed_pseudogene
ENSG00000271339,,136788286,136788787,X,processed_pseudogene
ENSG00000231164,RPL7P56,136791064,136791780,X,processed_pseudogene
ENSG00000232611,,136840931,136847797,X,lncRNA
ENSG00000225400,RAB28P5,136847384,136848034,X,processed_pseudogene
ENSG00000232379,RPL22P23,136947748,136948133,X,processed_pseudogene
ENSG00000237307,SRRM1P3,136976417,136985705,X,processed_pseudogene
ENSG00000165370,GPR101,137023929,137033995,X,protein_coding
ENSG00000224031,TCEAL3-AS1,103626076,103626492,X,lncRNA
ENSG00000102001,CACNA1F,49205063,49233371,X,protein_coding
ENSG00000230216,HSPB1P2,49233956,49234501,X,processed_pseudogene
ENSG00000270012,,49273054,49275768,X,lncRNA
ENSG00000286031,,49279677,49281440,X,lncRNA
ENSG00000277541,ZNF630-AS1,48056310,48066583,X,lncRNA
ENSG00000230241,,48135658,48136159,X,processed_pseudogene
ENSG00000233139,,48153868,48155941,X,processed_pseudogene
ENSG00000201517,RNU6-707P,48153980,48154074,X,snRNA
ENSG00000225198,SSX13P,48156367,48166350,X,unprocessed_pseudogene
ENSG00000238032,S100A11P5,48177731,48178023,X,processed_pseudogene
ENSG00000234780,,48197221,48199431,X,processed_pseudogene
ENSG00000252856,RNA5SP503,48206258,48206374,X,rRNA_pseudogene
ENSG00000204368,SSX20P,48212791,48218010,X,processed_pseudogene
ENSG00000231568,S100A11P7,48228833,48228959,X,processed_pseudogene
ENSG00000229662,,48244894,48245745,X,processed_pseudogene
ENSG00000237345,,48279423,48281792,X,processed_pseudogene
ENSG00000188021,UBQLN2,56563627,56567868,X,protein_coding
ENSG00000085224,ATRX,77504880,77786233,X,protein_coding
ENSG00000101842,VSIG1,108044970,108079184,X,protein_coding
ENSG00000000005,TNMD,100584936,100599885,X,protein_coding
ENSG00000238116,RAD21P1,100801188,100803060,X,processed_pseudogene
ENSG00000202231,,100822620,100822752,X,snoRNA
ENSG00000237708,SPIN2P1,57068914,57069685,X,processed_pseudogene
ENSG00000222303,RNU6-935P,50649641,50649740,X,snRNA
ENSG00000287160,,130497785,130520309,X,lncRNA
ENSG00000271677,,130545586,130546474,X,unprocessed_pseudogene
ENSG00000238188,SPRING1P2,130645723,130646325,X,processed_pseudogene
ENSG00000147256,ARHGAP36,131058346,131089885,X,protein_coding
ENSG00000241198,RN7SL191P,131134086,131134390,X,misc_RNA
ENSG00000269405,NXF2,102247167,102326722,X,protein_coding
ENSG00000273746,,102259043,102261692,X,unprocessed_pseudogene
ENSG00000231590,,102425343,102428080,X,unitary_pseudogene
ENSG00000271005,CTHRC1P1,79177200,79177668,X,processed_pseudogene
ENSG00000285602,,15561047,15675608,X,protein_coding
ENSG00000237539,,15646167,15646875,X,processed_pseudogene
ENSG00000200620,,15716208,15716346,X,snoRNA
ENSG00000281371,INE2,15785716,15787589,X,lncRNA
ENSG00000200566,RNU5F-7P,15916189,15916303,X,snRNA
ENSG00000226536,SETP15,15917548,15918631,X,processed_pseudogene
ENSG00000278283,,55044749,55045121,X,unprocessed_pseudogene
ENSG00000234466,HDGFL3P1,55054945,55055838,X,processed_pseudogene
ENSG00000234068,PAGE2,55089018,55092842,X,protein_coding
ENSG00000278319,,55101637,55102026,X,unprocessed_pseudogene
ENSG00000276929,,55137930,55142433,X,unprocessed_pseudogene
ENSG00000186678,,55172717,55176026,X,unprocessed_pseudogene
ENSG00000229760,MTCO1P52,55178207,55178737,X,processed_pseudogene
ENSG00000231947,MTND2P24,55179194,55179999,X,processed_pseudogene
ENSG00000238047,MTND1P30,55180377,55181277,X,processed_pseudogene
ENSG00000283775,MIR4329,112780718,112780788,X,miRNA
ENSG00000243011,RN7SL266P,112855874,112856162,X,misc_RNA
ENSG00000273773,,154620096,154620171,X,unprocessed_pseudogene
ENSG00000213338,ATF4P1,154622428,154623500,X,processed_pseudogene
ENSG00000237619,OR3B1P,154658741,154659643,X,unprocessed_pseudogene
ENSG00000228089,PNKDP1,131803312,131803741,X,processed_pseudogene
ENSG00000235190,,131937670,131937853,X,processed_pseudogene
ENSG00000200587,RNA5SP514,131938846,131938956,X,rRNA_pseudogene
ENSG00000228819,AGKP2,132130091,132131352,X,processed_pseudogene
ENSG00000228158,TLE1P1,65408084,65408672,X,processed_pseudogene
ENSG00000227534,AP1M2P1,65469087,65470380,X,processed_pseudogene
ENSG00000227942,FRMD8P1,65550898,65552421,X,processed_pseudogene
ENSG00000178556,CKS1BP6,30617454,30617693,X,processed_pseudogene
ENSG00000232368,FTLP2,30630298,30630825,X,processed_pseudogene
ENSG00000229331,GK-IT1,30671635,30672166,X,lncRNA
ENSG00000241886,,30698207,30721932,X,lncRNA
ENSG00000243055,GK-AS1,30699998,30724174,X,lncRNA
ENSG00000277876,,30821815,30823407,X,unprocessed_pseudogene
ENSG00000231542,TAB3-AS1,30834623,30835300,X,lncRNA
ENSG00000235512,TAB3-AS2,30854321,30854707,X,lncRNA
ENSG00000102230,PCYT1B,24558087,24672677,X,protein_coding
ENSG00000226222,H2BP7,24632257,24632601,X,processed_pseudogene
ENSG00000236836,PCYT1B-AS1,24650073,24658237,X,lncRNA
ENSG00000236487,,24681909,24682634,X,processed_pseudogene
ENSG00000251869,SCARNA23,24744441,24744570,X,scaRNA
ENSG00000232472,EEF1B2P3,24788392,24789069,X,processed_pseudogene
ENSG00000004848,ARX,25003694,25016420,X,protein_coding
ENSG00000214111,PAFAH1B2P1,25029545,25030235,X,processed_pseudogene
ENSG00000240439,RN7SL91P,25060649,25060939,X,misc_RNA
ENSG00000182484,WASH6P,156020826,156025710,X,protein_coding
ENSG00000234230,ZFX-AS1,24146225,24149654,X,lncRNA
ENSG00000225071,RPS26P58,24429573,24429920,X,processed_pseudogene
ENSG00000231729,ARHGEF9-IT1,63670196,63671502,X,lncRNA
ENSG00000236813,BTF3P8,63766875,63767400,X,processed_pseudogene
ENSG00000222532,MIR1468,63786002,63786087,X,miRNA
ENSG00000158639,PAGE5,55220346,55224108,X,protein_coding
ENSG00000102387,TAF7L,101268253,101293057,X,protein_coding
ENSG00000126752,SSX1,48255392,48267444,X,protein_coding
ENSG00000120498,TEX11,70528940,70908711,X,protein_coding
ENSG00000266828,RN7SL712P,115992466,115992773,X,misc_RNA
ENSG00000231371,AKR1B1P8,116043483,116044418,X,processed_pseudogene
ENSG00000234558,API5P1,116106921,116108430,X,processed_pseudogene
ENSG00000238040,SALL4P2,129871309,129877567,X,processed_pseudogene
ENSG00000085185,BCORL1,129981107,130058071,X,protein_coding
ENSG00000288680,,15727731,15727921,X,processed_pseudogene
ENSG00000207146,Y_RNA,108676951,108677057,X,misc_RNA
ENSG00000133124,IRS4,108719946,108736563,X,protein_coding
ENSG00000279894,,103596608,103598904,X,TEC
ENSG00000288597,,103707034,103919047,X,lncRNA
ENSG00000123576,ESX1,104250038,104254933,X,protein_coding
ENSG00000268651,CTAG1A,154585133,154586816,X,protein_coding
ENSG00000122122,SASH3,129779949,129795201,X,protein_coding
ENSG00000240143,,129794994,129796963,X,lncRNA
ENSG00000275070,Metazoa_SRP,129796491,129796783,X,misc_RNA
ENSG00000230781,,84973217,84977829,X,unitary_pseudogene
ENSG00000226112,FCF1P4,111169221,111169403,X,processed_pseudogene
ENSG00000234349,GLUD1P9,111229889,111231061,X,processed_pseudogene
ENSG00000251954,RNU6-496P,111421510,111421608,X,snRNA
ENSG00000223904,HMGB1P12,111434427,111435024,X,processed_pseudogene
ENSG00000229939,,111618808,111619094,X,processed_pseudogene
ENSG00000225031,EIF4BP7,111619677,111621489,X,processed_pseudogene
ENSG00000102359,SRPX2,100644195,100675788,X,protein_coding
ENSG00000251707,RNU7-37P,120503037,120503096,X,snRNA
ENSG00000278317,H3P46,120709061,120709392,X,processed_pseudogene
ENSG00000181511,GLRX5P1,120733094,120733396,X,processed_pseudogene
ENSG00000238200,MGAT2P2,135751119,135752583,X,processed_pseudogene
ENSG00000269096,CT45A3,135759846,135768191,X,protein_coding
ENSG00000278289,CT45A6,135794685,135802787,X,protein_coding
ENSG00000271449,CT45A2,135811668,135820012,X,protein_coding
ENSG00000278085,CT45A8,135846497,135854538,X,protein_coding
ENSG00000270946,CT45A9,135863418,135871812,X,protein_coding
ENSG00000207633,MIR505,139924148,139924231,X,miRNA
ENSG00000203933,CXorf66,139955728,139965521,X,protein_coding
ENSG00000214653,HNRNPA3P3,140032344,140033480,X,processed_pseudogene
ENSG00000241248,RN7SL727P,140085855,140086150,X,misc_RNA
ENSG00000212663,,13980066,13988820,X,lncRNA
ENSG00000208013,MIR652,110055329,110055426,X,miRNA
ENSG00000265584,MIR3978,110082118,110082218,X,miRNA
ENSG00000208883,SNORD96B,110224985,110225063,X,snoRNA
ENSG00000224142,AMMECR1-IT1,110305420,110307221,X,lncRNA
ENSG00000287685,,110472692,110524320,X,lncRNA
ENSG00000279601,,119693568,119696059,X,TEC
ENSG00000187808,SOWAHD,119758588,119760202,X,protein_coding
ENSG00000206622,SNORA69,119787353,119787484,X,snoRNA
ENSG00000125352,RNF113A,119870475,119871733,X,protein_coding
ENSG00000263972,MIR1587,39837561,39837613,X,miRNA
ENSG00000214047,RPS11P7,39865424,39865888,X,processed_pseudogene
ENSG00000285709,,39908309,39914419,X,lncRNA
ENSG00000214045,IMPDH1P2,40359183,40360726,X,processed_pseudogene
ENSG00000206677,Y_RNA,40492844,40492941,X,misc_RNA
ENSG00000132446,FTHL17,31071233,31072041,X,protein_coding
ENSG00000252903,RNU6-894P,31348192,31348296,X,snRNA
ENSG00000285900,,31411033,31413701,X,lncRNA
ENSG00000222922,RNA5SP501,32102065,32102176,X,rRNA_pseudogene
ENSG00000236285,NPM1P8,32205902,32206738,X,processed_pseudogene
ENSG00000263600,MIR3915,32583656,32583752,X,miRNA
ENSG00000221348,MIR548F5,32641474,32641559,X,miRNA
ENSG00000236828,DMD-AS3,32754940,32756400,X,lncRNA
ENSG00000226781,TBCAP1,33041395,33041721,X,processed_pseudogene
ENSG00000215310,,33410944,33412173,X,processed_pseudogene
ENSG00000265170,RN7SL667P,153403844,153404141,X,misc_RNA
ENSG00000189369,GSPT2,51743442,51746232,X,protein_coding
ENSG00000236576,,51856968,51858066,X,processed_pseudogene
ENSG00000252377,RNU6-504P,51870706,51870809,X,snRNA
ENSG00000260118,,68013470,68014901,X,lncRNA
ENSG00000228328,PGK1P1,68070520,68071767,X,processed_pseudogene
ENSG00000252145,RNU6-1225P,68102068,68102132,X,snRNA
ENSG00000228125,AKIRIN1P2,68132868,68133437,X,processed_pseudogene
ENSG00000206646,Y_RNA,68361075,68361187,X,misc_RNA
ENSG00000225925,,68474710,68476874,X,processed_pseudogene
ENSG00000206747,RNU6-245P,68539443,68539549,X,snRNA
ENSG00000270052,,151497726,151498354,X,lncRNA
ENSG00000165583,SSX5,48186220,48196795,X,protein_coding
ENSG00000283697,HSFX3,149548210,149549924,X,protein_coding
ENSG00000176774,MAGEB18,26138343,26140736,X,protein_coding
ENSG00000232446,,26147774,26148281,X,unprocessed_pseudogene
ENSG00000227511,,26170052,26170913,X,unprocessed_pseudogene
ENSG00000176746,MAGEB6,26192440,26195646,X,protein_coding
ENSG00000232644,,26200042,26200647,X,unprocessed_pseudogene
ENSG00000188408,MAGEB5,26216169,26218270,X,protein_coding
ENSG00000237171,,26223903,26224658,X,unprocessed_pseudogene
ENSG00000178146,GK4P,101778969,101780538,X,processed_pseudogene
ENSG00000215168,ATXN7L3P1,66055587,66056587,X,processed_pseudogene
ENSG00000237294,EIF4BP9,66074835,66076347,X,processed_pseudogene
ENSG00000231356,MTFR1P1,66360766,66361776,X,processed_pseudogene
ENSG00000226820,,66437345,66440668,X,unprocessed_pseudogene
ENSG00000224236,MRRFP1,123116107,123117781,X,processed_pseudogene
ENSG00000179101,H3P47,123514473,123514872,X,processed_pseudogene
ENSG00000232111,,9402751,9404802,X,processed_pseudogene
ENSG00000282306,,9404954,9405731,X,processed_pseudogene
ENSG00000282501,,9406025,9406778,X,processed_pseudogene
ENSG00000282358,,9406952,9407708,X,processed_pseudogene
ENSG00000282668,,9407861,9408638,X,processed_pseudogene
ENSG00000282299,,9408818,9409571,X,processed_pseudogene
ENSG00000282697,,9409748,9410501,X,processed_pseudogene
ENSG00000282222,,9410789,9411545,X,processed_pseudogene
ENSG00000281955,,9411701,9412478,X,processed_pseudogene
ENSG00000281941,,9412772,9413522,X,processed_pseudogene
ENSG00000282300,,9413816,9414569,X,processed_pseudogene
ENSG00000233357,RPL30P15,13574746,13575066,X,processed_pseudogene
ENSG00000283493,MIR6086,13590292,13590346,X,miRNA
ENSG00000199622,RN7SKP20,13596236,13596548,X,misc_RNA
ENSG00000288053,,49071470,49079887,X,protein_coding
ENSG00000206936,RNU4-52P,49082028,49082165,X,snRNA
ENSG00000265033,RN7SL262P,49152651,49152944,X,misc_RNA
ENSG00000279422,,49165576,49165972,X,TEC
ENSG00000123584,MAGEA9,149781930,149787737,X,protein_coding
ENSG00000224089,CT47A10,120938701,120942023,X,protein_coding
ENSG00000226600,CT47A9,120943561,120946883,X,protein_coding
ENSG00000230347,CT47A8,120948422,120951744,X,protein_coding
ENSG00000226023,CT47A6,120958165,120961487,X,protein_coding
ENSG00000237957,CT47A5,120963026,120966348,X,protein_coding
ENSG00000230594,CT47A4,120967886,120971208,X,protein_coding
ENSG00000236126,CT47A3,120972746,120976068,X,protein_coding
ENSG00000242362,CT47A2,120977606,120980928,X,protein_coding
ENSG00000268738,HSFX2,149592512,149595314,X,protein_coding
ENSG00000286964,,135037281,135040355,X,lncRNA
ENSG00000234228,NCLP2,135075136,135076597,X,processed_pseudogene
ENSG00000196972,SMIM10L2B,135094985,135098712,X,protein_coding
ENSG00000224107,ETDB,135118955,135120526,X,protein_coding
ENSG00000223809,,135123239,135123604,X,lncRNA
ENSG00000232582,,135135149,135135770,X,processed_pseudogene
ENSG00000169551,CT55,135156540,135171398,X,protein_coding
ENSG00000236491,,135180255,135194679,X,unprocessed_pseudogene
ENSG00000228922,,135201731,135215232,X,unprocessed_pseudogene
ENSG00000269833,,135236895,135237408,X,processed_pseudogene
ENSG00000238210,ETDA,135252061,135253583,X,protein_coding
ENSG00000274024,,135297046,135298585,X,processed_pseudogene
ENSG00000178947,SMIM10L2A,135421944,135428075,X,protein_coding
ENSG00000201440,RNA5SP515,135428168,135428285,X,rRNA_pseudogene
ENSG00000225769,CROCCP1,135432960,135438634,X,processed_pseudogene
ENSG00000273988,,135445897,135447368,X,unprocessed_pseudogene
ENSG00000271158,WDR4P1,135464329,135465484,X,processed_pseudogene
ENSG00000202272,Y_RNA,23782210,23782310,X,misc_RNA
ENSG00000238103,RPL9P7,23836742,23837321,X,processed_pseudogene
ENSG00000229237,HMGN1P37,154817099,154817401,X,processed_pseudogene
ENSG00000274183,H2AB1,154884972,154885558,X,protein_coding
ENSG00000288722,F8A1,154886355,154888061,X,protein_coding
ENSG00000224069,,154897561,154898092,X,processed_pseudogene
ENSG00000237859,EEF1A1P31,154908885,154919103,X,unprocessed_pseudogene
ENSG00000233688,ZNF622P1,154919578,154920182,X,processed_pseudogene
ENSG00000176318,FOXN3P1,102546734,102548213,X,processed_pseudogene
ENSG00000227211,H3P45,102615473,102615820,X,processed_pseudogene
ENSG00000252294,RNU6-589P,102678707,102678813,X,snRNA
ENSG00000230320,BEND7P1,102705784,102706240,X,processed_pseudogene
ENSG00000215000,GAPDHP77,109341813,109342697,X,processed_pseudogene
ENSG00000101890,GUCY2F,109372906,109482086,X,protein_coding
ENSG00000233874,MFN1P1,109568478,109570289,X,processed_pseudogene
ENSG00000176076,KCNE5,109623700,109625172,X,protein_coding
ENSG00000237319,,109636834,109637063,X,processed_pseudogene
ENSG00000252069,Y_RNA,109744643,109744749,X,misc_RNA
ENSG00000225381,RPS5P7,109853312,109853919,X,processed_pseudogene
ENSG00000277858,H2AB2,155380709,155381299,X,protein_coding
ENSG00000288709,F8A2,155382095,155383801,X,protein_coding
ENSG00000224341,AKR7A2P2,118877886,118879185,X,processed_pseudogene
ENSG00000231270,COBLP1,118938153,118939134,X,processed_pseudogene
ENSG00000235483,GYG2-AS1,2852740,2853760,X,lncRNA
ENSG00000229851,ARSD-AS1,2904904,2906081,X,lncRNA
ENSG00000205667,ARSH,3006546,3034111,X,protein_coding
ENSG00000239228,RN7SL578P,3058220,3058502,X,misc_RNA
ENSG00000230249,RPS24P21,3112900,3113596,X,processed_pseudogene
ENSG00000226784,PGAM4,77967949,77969638,X,protein_coding
ENSG00000223592,FNDC3CP,78165696,78172422,X,unitary_pseudogene
ENSG00000232282,MTND1P32,102785667,102786604,X,processed_pseudogene
ENSG00000229954,MTND2P2,102786813,102788387,X,processed_pseudogene
ENSG00000237300,MTCO1P19,102796251,102797093,X,processed_pseudogene
ENSG00000237628,MTCO2P19,102797531,102798128,X,processed_pseudogene
ENSG00000228316,MTATP6P19,102798396,102799560,X,processed_pseudogene
ENSG00000224471,MTCO3P19,102799563,102799883,X,processed_pseudogene
ENSG00000226056,MTND4P32,102799942,102801399,X,processed_pseudogene
ENSG00000234886,MTND5P26,102803041,102806138,X,processed_pseudogene
ENSG00000227649,MTND6P32,102806164,102806646,X,processed_pseudogene
ENSG00000229794,MTCYBP32,102806741,102807824,X,processed_pseudogene
ENSG00000202304,RNU6-1130P,130310072,130310178,X,snRNA
ENSG00000225046,,130330857,130331069,X,processed_pseudogene
ENSG00000102078,SLC25A14,130339888,130373361,X,protein_coding
ENSG00000147262,GPR119,130379449,130385674,X,protein_coding
ENSG00000271286,CYTH1P1,21939461,21940160,X,processed_pseudogene
ENSG00000224396,METTL15P3,22435598,22436818,X,processed_pseudogene
ENSG00000201095,RNU6-266P,22527835,22527941,X,snRNA
ENSG00000231011,,22616744,22617143,X,processed_pseudogene
ENSG00000237019,,22698457,22768966,X,lncRNA
ENSG00000102174,PHEX,22032325,22494713,X,protein_coding
ENSG00000270794,,30209423,30210209,X,processed_pseudogene
ENSG00000099399,MAGEB2,30215563,30220089,X,protein_coding
ENSG00000120289,MAGEB4,30242000,30244187,X,protein_coding
ENSG00000276940,PLCE1P1,30290047,30290351,X,unprocessed_pseudogene
ENSG00000102287,GABRE,151953124,151974680,X,protein_coding
ENSG00000284363,MIR224,151958578,151958658,X,miRNA
ENSG00000283751,MIR452,151959628,151959712,X,miRNA
ENSG00000147234,FRMPD3,107449652,107605255,X,protein_coding
ENSG00000230146,SEPHS1P4,73769248,73770423,X,processed_pseudogene
ENSG00000274655,,73821657,73821724,X,misc_RNA
ENSG00000277577,,73831145,73831270,X,misc_RNA
ENSG00000278039,,73850487,73850571,X,misc_RNA
ENSG00000182707,FXYD6P3,73875068,73875635,X,processed_pseudogene
ENSG00000274430,,73944332,73944466,X,misc_RNA
ENSG00000276784,,73944595,73944663,X,misc_RNA
ENSG00000271199,,73958059,73969485,X,lncRNA
ENSG00000203397,SHISA5P2,74066083,74066592,X,processed_pseudogene
ENSG00000223650,UHRF2P1,74105572,74107958,X,processed_pseudogene
ENSG00000232928,DDX3P1,74121012,74131923,X,processed_pseudogene
ENSG00000280375,,74122134,74122725,X,TEC
ENSG00000230986,DDX3P2,74133004,74133114,X,processed_pseudogene
ENSG00000224430,MKRN5P,74161062,74162528,X,processed_pseudogene
ENSG00000232801,SDCBPP3,40890647,40891537,X,processed_pseudogene
ENSG00000189145,RPL32P36,40907987,40908391,X,processed_pseudogene
ENSG00000216866,RPS2P55,40934982,40935864,X,processed_pseudogene
ENSG00000287549,,41008427,41029306,X,lncRNA
ENSG00000237931,CLIC4P3,41076999,41077750,X,processed_pseudogene
ENSG00000225839,TRMT2B-AS1,101043564,101094476,X,lncRNA
ENSG00000126950,TMEM35A,101078879,101096367,X,protein_coding
ENSG00000231643,YWHAQP8,101191115,101191409,X,processed_pseudogene
ENSG00000130066,SAT1,23783173,23786210,X,protein_coding
ENSG00000171054,OR13H1,131544074,131545000,X,protein_coding
ENSG00000171478,SPACA5B,48130626,48132620,X,protein_coding
ENSG00000130052,STARD8,68647666,68725842,X,protein_coding
ENSG00000198798,MAGEB3,30230657,30237495,X,protein_coding
ENSG00000215113,CXorf49B,71763349,71767204,X,protein_coding
ENSG00000166160,OPN1MW2,154219756,154233286,X,protein_coding
ENSG00000225396,FAM236D,72807425,72808210,X,protein_coding
ENSG00000123165,ACTRT1,128050962,128052403,X,protein_coding
ENSG00000215115,CXorf49,71714371,71718285,X,protein_coding
ENSG00000184033,CTAG1B,154617609,154619282,X,protein_coding
ENSG00000126890,CTAG2,154651972,154653579,X,protein_coding
ENSG00000126016,AMOT,112774503,112840831,X,protein_coding
ENSG00000204279,PAGE3,55258415,55264916,X,protein_coding
ENSG00000269791,SSX4B,48402082,48411960,X,protein_coding
ENSG00000236371,CT47A1,120982476,120985760,X,protein_coding
ENSG00000238205,MPC1L,40623428,40624136,X,protein_coding
ENSG00000184911,DMRTC1B,72776890,72848803,X,protein_coding
ENSG00000277120,MIR6089,2609191,2609254,X,miRNA
ENSG00000230542,LINC00102,2612988,2615347,X,lncRNA
ENSG00000124343,XG,2752040,2816500,X,protein_coding
ENSG00000224735,,53759026,53759204,X,processed_pseudogene
ENSG00000226110,,53768986,53769219,X,processed_pseudogene
ENSG00000229037,MRPL32P2,53807776,53808623,X,processed_pseudogene
ENSG00000123569,H2BW1,104011147,104013708,X,protein_coding
ENSG00000102290,PCDH11X,91779261,92623230,X,protein_coding
ENSG00000183837,PNMA3,153056409,153060467,X,protein_coding
ENSG00000269502,DMRTC1,72872025,72943837,X,protein_coding
ENSG00000101981,F9,139530739,139563459,X,protein_coding
ENSG00000238485,,139702287,139702390,X,snoRNA
ENSG00000221375,RNU6ATAC23P,139885481,139885603,X,snRNA
ENSG00000252719,,139909904,139910034,X,snoRNA
ENSG00000228965,RPSAP60,152045314,152046193,X,processed_pseudogene
ENSG00000232562,TPMTP3,51979223,51980012,X,processed_pseudogene
ENSG00000182776,,52050860,52054255,X,lncRNA
ENSG00000221705,SNORA11E,52063347,52063474,X,snoRNA
ENSG00000221475,SNORA11D,52190621,52190748,X,snoRNA
ENSG00000179028,,52199840,52203235,X,lncRNA
ENSG00000206765,RNU6-203P,133531723,133531826,X,snRNA
ENSG00000227008,RPS24P19,133670971,133671386,X,processed_pseudogene
ENSG00000233260,RPSAP63,133762796,133763683,X,processed_pseudogene
ENSG00000286096,GPC3-AS1,133897443,133897934,X,TEC
ENSG00000232068,,133989443,133990086,X,unprocessed_pseudogene
ENSG00000224908,TIMM8BP2,134166682,134166932,X,processed_pseudogene
ENSG00000232664,LARP1BP3,134204353,134205916,X,processed_pseudogene
ENSG00000286181,FLICR,49262866,49270521,X,lncRNA
ENSG00000270497,,53065053,53065548,X,processed_pseudogene
ENSG00000227083,,147900178,147901459,X,lncRNA
ENSG00000274086,,147911822,147911948,X,misc_RNA
ENSG00000236337,FMR1-IT1,147946941,147947583,X,lncRNA
ENSG00000176988,FMR1NB,147981337,148026665,X,protein_coding
ENSG00000201285,RNA5SP524,148008100,148008215,X,rRNA
ENSG00000219507,FTH1P8,148052233,148052746,X,processed_pseudogene
ENSG00000266560,,152114994,152138556,X,lncRNA
ENSG00000124260,MAGEA10,152133310,152138578,X,protein_coding
ENSG00000171402,XAGE3,52862525,52868083,X,protein_coding
ENSG00000165694,FRMD7,132076990,132128020,X,protein_coding
ENSG00000101825,MXRA5,3308565,3346652,X,protein_coding
ENSG00000213487,ASS1P4,3367149,3368382,X,processed_pseudogene
ENSG00000227488,GAGE12D,49541733,49549094,X,protein_coding
ENSG00000216649,GAGE12E,49551289,49558645,X,protein_coding
ENSG00000215269,GAGE12G,49570400,49577754,X,protein_coding
ENSG00000224902,GAGE12H,49579949,49587301,X,protein_coding
ENSG00000205777,GAGE1,49599020,49608538,X,protein_coding
ENSG00000215274,GAGE10,49303646,49319841,X,protein_coding
ENSG00000224659,GAGE12J,49322037,49329384,X,protein_coding
ENSG00000268089,GABRQ,152637895,152657542,X,protein_coding
ENSG00000269475,,152682810,152683842,X,unprocessed_pseudogene
ENSG00000286051,MAGEA6-DT,152769764,152792268,X,lncRNA
ENSG00000286939,,152925356,152927043,X,lncRNA
ENSG00000198883,PNMA5,152988824,152994116,X,protein_coding
ENSG00000234200,,153028785,153030148,X,unprocessed_pseudogene
ENSG00000201407,,24133186,24133317,X,snoRNA
ENSG00000228728,PPIAP91,150818753,150819246,X,processed_pseudogene
ENSG00000231857,MORF4L1P5,65327988,65331233,X,processed_pseudogene
ENSG00000237963,PRXL2CP1,65356890,65357547,X,processed_pseudogene
ENSG00000188158,NHS,17375200,17735994,X,protein_coding
ENSG00000227645,RPL7P54,78763226,78763899,X,processed_pseudogene
ENSG00000214961,NT5DC1P2,134272287,134273658,X,processed_pseudogene
ENSG00000226107,RPL36AP54,134522702,134522990,X,processed_pseudogene
ENSG00000216001,MIR450B,134540185,134540262,X,miRNA
ENSG00000199132,MIR450A1,134540341,134540431,X,miRNA
ENSG00000207755,MIR450A2,134540508,134540607,X,miRNA
ENSG00000207784,MIR542,134541341,134541437,X,miRNA
ENSG00000208005,MIR503,134546328,134546398,X,miRNA
ENSG00000284231,MIR424,134546614,134546711,X,miRNA
ENSG00000235813,,134599457,134606254,X,lncRNA
ENSG00000236509,RPL21P133,134607157,134607632,X,processed_pseudogene
ENSG00000237432,RPS7P12,134650830,134651411,X,processed_pseudogene
ENSG00000199920,RNU4-44P,134760208,134760348,X,snRNA
ENSG00000235916,MRPS18CP7,53825887,53826309,X,processed_pseudogene
ENSG00000201618,RNA5SP505,53909054,53909161,X,rRNA_pseudogene
ENSG00000184083,FAM120C,54068324,54183281,X,protein_coding
ENSG00000224949,RPL37P24,54147372,54147659,X,processed_pseudogene
ENSG00000234566,RPL7AP71,54223324,54224062,X,processed_pseudogene
ENSG00000269556,TMEM185A,149596556,149631912,X,protein_coding
ENSG00000126733,DACH2,86148451,86832604,X,protein_coding
ENSG00000123594,ATXN3L,13318647,13320053,X,protein_coding
ENSG00000205642,VCX3B,8464830,8466510,X,protein_coding
ENSG00000185515,BRCC3,155071420,155123077,X,protein_coding
ENSG00000185448,FAM47A,34129752,34132314,X,protein_coding
ENSG00000237331,XIAP-AS1,123872626,123873932,X,lncRNA
ENSG00000252627,RNU6-122P,123874459,123874565,X,snRNA
ENSG00000237025,PARD6BP1,123878590,123879296,X,processed_pseudogene
ENSG00000237426,ZIK1P1,124173001,124174459,X,processed_pseudogene
ENSG00000252693,,124197743,124197849,X,snoRNA
ENSG00000234564,HSPA8P20,124204499,124205806,X,processed_pseudogene
ENSG00000282419,TEX13D,124246249,124336863,X,protein_coding
ENSG00000232054,NPM1P34,124280530,124281422,X,processed_pseudogene
ENSG00000226532,,124326175,124326258,X,processed_pseudogene
ENSG00000183862,CNGA2,151734746,151745564,X,protein_coding
ENSG00000275287,Metazoa_SRP,388100,388389,X,misc_RNA
ENSG00000234958,FABP5P13,523775,524102,X,processed_pseudogene
ENSG00000229232,KRT18P53,545236,545352,X,processed_pseudogene
ENSG00000185960,SHOX,624344,659411,X,protein_coding
ENSG00000237490,RPS27AP17,6989329,6989783,X,processed_pseudogene
ENSG00000228550,,7113005,7113404,X,processed_pseudogene
ENSG00000264268,MIR4767,7147860,7147937,X,miRNA
ENSG00000279682,,7489659,7491199,X,TEC
ENSG00000274923,,7896514,7896722,X,unprocessed_pseudogene
ENSG00000204116,CHIC1,73563197,73687111,X,protein_coding
ENSG00000236446,CT47B1,120872607,120875866,X,protein_coding
ENSG00000230707,HAPSTR2,140091678,140092911,X,protein_coding
ENSG00000241476,SSX2,52696896,52707178,X,protein_coding
ENSG00000182583,VCX,7842262,7844143,X,protein_coding
ENSG00000260802,SERTM2,111511645,111522399,X,protein_coding
ENSG00000206685,RNU6-1189P,47087506,47087612,X,snRNA
ENSG00000201659,RNU12-2P,47132671,47132826,X,snRNA
ENSG00000237351,ITPK1P1,47156638,47158199,X,processed_pseudogene
ENSG00000224975,INE1,47204921,47205865,X,lncRNA
ENSG00000213569,GTF3C6P2,107131659,107132269,X,processed_pseudogene
ENSG00000199832,Y_RNA,107202577,107202683,X,misc_RNA
ENSG00000204053,MYCLP1,107272582,107273656,X,processed_pseudogene
ENSG00000215007,DNAJA1P3,107351650,107352843,X,processed_pseudogene
ENSG00000165240,ATP7A,77910690,78050395,X,protein_coding
ENSG00000236187,GJA6P,18535079,18536120,X,processed_pseudogene
ENSG00000102104,RS1,18639688,18672108,X,protein_coding
ENSG00000196564,BLOC1S6P1,18838709,18839452,X,processed_pseudogene
ENSG00000224224,HAUS1P2,18865771,18866554,X,processed_pseudogene
ENSG00000237836,PHKA2-AS1,18890296,18894974,X,lncRNA
ENSG00000266710,RN7SL48P,18915243,18915535,X,misc_RNA
ENSG00000223731,SUPT20HL1,24360639,24367839,X,protein_coding
ENSG00000206723,RNU6-1056P,48724455,48724561,X,snRNA
ENSG00000171433,GLOD5,48761747,48773648,X,protein_coding
ENSG00000207367,RNU6-29P,48776965,48777071,X,snRNA
ENSG00000187682,ERAS,48826513,48830138,X,protein_coding
ENSG00000279155,,48939992,48940808,X,TEC
ENSG00000223309,RNU6-722P,48959179,48959282,X,snRNA
ENSG00000275387,,54842014,54842134,X,unprocessed_pseudogene
ENSG00000221750,SNORA11G,54927305,54927433,X,snoRNA
ENSG00000223611,SUPT20HL2,24308210,24314069,X,protein_coding
ENSG00000214124,SNRPEP9,24513450,24513687,X,processed_pseudogene
ENSG00000237682,PRKCIP1,101537485,101539276,X,processed_pseudogene
ENSG00000228275,ARMCX3-AS1,101622983,101624164,X,lncRNA
ENSG00000261101,,101627868,101628523,X,lncRNA
ENSG00000207291,RNU6-30P,101634006,101634112,X,snRNA
ENSG00000286000,,101640421,101644352,X,lncRNA
ENSG00000212584,RNU6-587P,101691580,101691685,X,snRNA
ENSG00000196440,ARMCX4,101418287,101533459,X,protein_coding
ENSG00000215319,EIF5P1,9818239,9819469,X,processed_pseudogene
ENSG00000230326,HMGN1P33,9865093,9865543,X,processed_pseudogene
ENSG00000206844,Y_RNA,9874601,9874701,X,misc_RNA
ENSG00000169933,FRMPD4,11822423,12724523,X,protein_coding
ENSG00000226339,RPS26P56,129408382,129408621,X,processed_pseudogene
ENSG00000201518,RNA5SP513,129436530,129436647,X,rRNA_pseudogene
ENSG00000252170,,129518576,129518647,X,snoRNA
ENSG00000206948,SNORA36A,154768528,154768659,X,snoRNA
ENSG00000284450,MIR664B,154768596,154768656,X,miRNA
ENSG00000206693,SNORA56,154774998,154775126,X,snoRNA
ENSG00000203870,SMIM9,154823348,154834662,X,protein_coding
ENSG00000221533,MIR1184-1,154887360,154887458,X,miRNA
ENSG00000227864,ARL5AP1,119186442,119186829,X,processed_pseudogene
ENSG00000250423,KIAA1210,119078635,119150579,X,protein_coding
ENSG00000224440,CXorf51A,146814106,146814744,X,protein_coding
ENSG00000171489,SPACA5,48004336,48009733,X,protein_coding
ENSG00000273696,CT45A7,135829229,135837280,X,protein_coding
ENSG00000196976,LAGE3,154477775,154479281,X,protein_coding
ENSG00000206663,Y_RNA,19985058,19985159,X,misc_RNA
ENSG00000264566,MIR23C,20017088,20017187,X,miRNA
ENSG00000201882,,20136066,20136135,X,snoRNA
ENSG00000201592,,20136306,20136385,X,snoRNA
ENSG00000225037,EIF1AX-AS1,20139968,20140444,X,lncRNA
ENSG00000206900,RNU6-98P,132580117,132580223,X,snRNA
ENSG00000235849,HS6ST2-AS1,132667642,132669888,X,lncRNA
ENSG00000227064,NAA20P1,132907279,132907575,X,processed_pseudogene
ENSG00000134588,USP26,133023168,133097109,X,protein_coding
ENSG00000231728,TMSB15B-AS1,103845151,103919548,X,lncRNA
ENSG00000288832,,21652655,21654301,X,lncRNA
ENSG00000288980,,15276874,15278656,X,lncRNA
ENSG00000171004,HS6ST2,132626015,132961395,X,protein_coding
ENSG00000249467,H2AL1Q,36719829,36720573,X,protein_coding
ENSG00000203588,IGBP1-AS1,70163842,70165206,X,lncRNA
ENSG00000184210,DGAT2L6,70177483,70205704,X,protein_coding
ENSG00000242657,RN7SL581P,70222006,70222314,X,misc_RNA
ENSG00000204195,AWAT1,70234655,70240659,X,protein_coding
ENSG00000200473,RNA5SP507,70253042,70253162,X,rRNA_pseudogene
ENSG00000186912,P2RY4,70258166,70260204,X,protein_coding
ENSG00000120500,ARR3,70268305,70281840,X,protein_coding
ENSG00000147127,RAB41,70282093,70285002,X,protein_coding
ENSG00000231053,TRAPPC2LP1,70361486,70362374,X,processed_pseudogene
ENSG00000201377,RNY4P23,70396279,70396375,X,misc_RNA
ENSG00000200431,RNU4-81P,70450879,70451022,X,snRNA
ENSG00000072315,TRPC5,111768011,112082776,X,protein_coding
ENSG00000271464,DPRXP7,112319952,112320417,X,processed_pseudogene
ENSG00000271400,CCDC121P1,112381392,112382220,X,processed_pseudogene
ENSG00000200436,Y_RNA,112661657,112661768,X,misc_RNA
ENSG00000213489,FBLIM1P1,125326897,125328021,X,processed_pseudogene
ENSG00000282815,TEX13C,125319871,125325216,X,protein_coding
ENSG00000289449,,13773311,13773935,X,lncRNA
ENSG00000265658,MIR3690,1293918,1293992,X,miRNA
ENSG00000223274,RNA5SP498,1300256,1300375,X,rRNA_pseudogene
ENSG00000235929,TPT1P14,14977959,14978463,X,processed_pseudogene
ENSG00000231066,NPM1P9,14834476,14835319,X,processed_pseudogene
ENSG00000225814,GRPEL2P2,64697878,64698547,X,processed_pseudogene
ENSG00000236982,BLOC1S2P1,64726748,64727048,X,processed_pseudogene
ENSG00000237971,,65185018,65187265,X,processed_pseudogene
ENSG00000225569,CCT4P2,65270913,65273019,X,processed_pseudogene
ENSG00000231809,NANOGP9,65772741,65773632,X,processed_pseudogene
ENSG00000243978,RTL9,110358848,110456334,X,protein_coding
ENSG00000228343,,48579774,48581157,X,lncRNA
ENSG00000279528,,48580741,48581165,X,TEC
ENSG00000220125,MRPL32P1,48583093,48583339,X,processed_pseudogene
ENSG00000275314,,36794500,36795460,X,unprocessed_pseudogene
ENSG00000235510,,36957913,36958139,X,unprocessed_pseudogene
ENSG00000223723,TFDP1P2,36962196,36963425,X,processed_pseudogene
ENSG00000289708,,36984358,36984493,X,unprocessed_pseudogene
ENSG00000198173,FAM47C,37008366,37011664,X,protein_coding
ENSG00000214071,FTH1P29,37077851,37078401,X,unprocessed_pseudogene
ENSG00000230170,HNRNPA1P28,119220782,119221742,X,processed_pseudogene
ENSG00000270625,NUDT19P6,119222564,119223245,X,processed_pseudogene
ENSG00000230392,LINC03098,119291529,119335610,X,lncRNA
ENSG00000226661,,119356301,119393595,X,lncRNA
ENSG00000227814,MRPS17P9,119379712,119380104,X,processed_pseudogene
ENSG00000237903,,119422917,119423547,X,lncRNA
ENSG00000207175,RNU1-67P,119423742,119423905,X,snRNA
ENSG00000266420,RN7SL118P,119434519,119434820,X,misc_RNA
ENSG00000252147,RNY3P16,119456558,119456658,X,misc_RNA
ENSG00000284800,,102360395,102471812,X,protein_coding
ENSG00000202144,Y_RNA,19376774,19376875,X,misc_RNA
ENSG00000275800,EIF5P2,19496378,19497721,X,unprocessed_pseudogene
ENSG00000230629,RPS23P8,70962964,70963293,X,processed_pseudogene
ENSG00000147168,IL2RG,71107404,71112108,X,protein_coding
ENSG00000290162,,119807433,119807581,X,unprocessed_pseudogene
ENSG00000290163,,119815164,119815307,X,unprocessed_pseudogene
ENSG00000290164,,119822906,119823043,X,unprocessed_pseudogene
ENSG00000290165,,119831616,119831759,X,unprocessed_pseudogene
ENSG00000101935,AMMECR1,110194186,110440318,X,protein_coding
ENSG00000198681,MAGEA1,153179284,153183880,X,protein_coding
ENSG00000235219,,153203044,153205534,X,unprocessed_pseudogene
ENSG00000231600,,153249115,153249691,X,unprocessed_pseudogene
ENSG00000278803,PWWP4,153266152,153279145,X,protein_coding
ENSG00000277535,CT47C1,119072993,119076765,X,protein_coding
ENSG00000183918,SH2D1A,124227868,124373197,X,protein_coding
ENSG00000230502,,114388988,114389155,X,processed_pseudogene
ENSG00000271686,TNPO3P1,114389135,114389954,X,processed_pseudogene
ENSG00000226547,SSU72P1,114390674,114391256,X,processed_pseudogene
ENSG00000224664,RPL36AP53,114589620,114589935,X,processed_pseudogene
ENSG00000208839,SNORA35,114630797,114630924,X,snoRNA
ENSG00000212100,MIR764,114639435,114639519,X,miRNA
ENSG00000222321,MIR1912,114651544,114651623,X,miRNA
ENSG00000276158,MIR1264,114652655,114652723,X,miRNA
ENSG00000221710,MIR1298,114715233,114715344,X,miRNA
ENSG00000222715,MIR1911,114763184,114763263,X,miRNA
ENSG00000224773,HSPA8P7,114774828,114776775,X,processed_pseudogene
ENSG00000199001,MIR448,114823454,114823564,X,miRNA
ENSG00000270413,,114900359,114900574,X,processed_pseudogene
ENSG00000236880,RPS26P57,124688504,124688838,X,processed_pseudogene
ENSG00000264933,RN7SL190P,123811331,123811587,X,misc_RNA
ENSG00000199705,Y_RNA,123857062,123857163,X,misc_RNA
ENSG00000232599,,125203805,125204338,X,processed_pseudogene
ENSG00000101916,TLR8,12906620,12923169,X,protein_coding
ENSG00000187268,FAM9C,13035617,13044682,X,protein_coding
ENSG00000252178,RNU7-69P,123772078,123772139,X,snRNA
ENSG00000226902,CHCHD2P1,123785009,123785451,X,processed_pseudogene
ENSG00000288642,CDR1,140783578,140784366,X,lncRNA
ENSG00000279587,,117894632,117895683,X,TEC
ENSG00000200291,Y_RNA,117914244,117914345,X,misc_RNA
ENSG00000237458,TUBB4BP3,118128748,118129018,X,processed_pseudogene
ENSG00000234524,RPL12P43,118146063,118146561,X,processed_pseudogene
ENSG00000224539,SAGE4P,135598927,135615431,X,unprocessed_pseudogene
ENSG00000277486,SAGE3P,135637623,135642756,X,unprocessed_pseudogene
ENSG00000198022,SAGE2P,135673591,135686151,X,unprocessed_pseudogene
ENSG00000274601,,135710095,135710377,X,unprocessed_pseudogene
ENSG00000268940,CT45A1,135713639,135723539,X,protein_coding
ENSG00000233861,MGAT2P1,135730733,135732197,X,processed_pseudogene
ENSG00000228836,CT45A5,135775852,135785503,X,protein_coding
ENSG00000288908,,48958643,48959773,X,lncRNA
ENSG00000233071,RPSAP59,103206010,103206899,X,processed_pseudogene
ENSG00000047644,WWC3,10015254,10144474,X,protein_coding
ENSG00000268235,TCP11X1,102215298,102229532,X,protein_coding
ENSG00000215029,TCP11X2,102456862,102471842,X,protein_coding
ENSG00000102145,GATA1,48786540,48794311,X,protein_coding
ENSG00000236189,RPL18AP15,111624210,111624726,X,processed_pseudogene
ENSG00000201420,RNA5SP512,111669829,111669948,X,rRNA_pseudogene
ENSG00000229487,ALG13-AS1,111706649,111711101,X,lncRNA
ENSG00000204025,TRPC5OS,111876051,111903990,X,protein_coding
ENSG00000271421,,111930735,111931092,X,processed_pseudogene
ENSG00000221494,MIR548I4,84225752,84225828,X,miRNA
ENSG00000233484,,84403898,84404024,X,transcribed_processed_pseudogene
ENSG00000101977,MCF2,139581770,139708216,X,protein_coding
ENSG00000189326,SPANXN4,143025928,143034702,X,protein_coding
ENSG00000189023,MAGEB16,35798342,35803772,X,protein_coding
ENSG00000269433,OPN1MW3,154257582,154271090,X,protein_coding
ENSG00000229674,H2AL3,37994272,37994904,X,protein_coding
ENSG00000232030,MAGEB6B,26160601,26162410,X,protein_coding
ENSG00000198021,SPANXA1,141583674,141584738,X,protein_coding
ENSG00000269437,NXF2B,102360395,102440008,X,protein_coding
ENSG00000278057,TEX28,154271265,154295853,X,protein_coding
ENSG00000268988,SPANXN2,143711955,143720752,X,protein_coding
ENSG00000287585,,149414877,149415506,X,protein_coding
ENSG00000169297,NR0B1,30304206,30309390,X,protein_coding
ENSG00000238709,RNU7-56P,16767844,16767905,X,snRNA
ENSG00000230180,RPL12P49,16803233,16803353,X,processed_pseudogene
ENSG00000222736,RNU4-6P,16875146,16875267,X,snRNA
ENSG00000223498,SLC35C2P1,16897651,16898521,X,processed_pseudogene
ENSG00000199410,Y_RNA,16912215,16912317,X,misc_RNA
ENSG00000201467,,17044380,17044511,X,snoRNA
ENSG00000214322,CBX1P2,17099782,17100239,X,processed_pseudogene
ENSG00000289472,,24168659,24169609,X,lncRNA
ENSG00000207081,RNU6-616P,134918310,134918416,X,snRNA
ENSG00000231929,HMGB3P31,134961711,134962305,X,processed_pseudogene
ENSG00000184785,SMIM10,134990991,134992473,X,protein_coding
ENSG00000224692,,103258572,103259581,X,processed_pseudogene
ENSG00000261030,,13093660,13094573,X,lncRNA
ENSG00000287700,,33718958,33726957,X,lncRNA
ENSG00000252050,,38308112,38308241,X,snoRNA
ENSG00000156313,RPGR,38269163,38327544,X,protein_coding
ENSG00000126970,ZC4H2,64915802,65034713,X,protein_coding
ENSG00000289215,,32353833,32356406,X,lncRNA
ENSG00000198947,DMD,31097677,33339609,X,protein_coding
ENSG00000290184,,49258343,49270477,X,protein_coding
ENSG00000282933,RHOXF1P3,119942834,119992838,X,protein_coding
ENSG00000203989,RHOXF2B,120072264,120077690,X,protein_coding
ENSG00000131721,RHOXF2,120158613,120165630,X,protein_coding
ENSG00000227541,SFR1P1,120202061,120202748,X,processed_pseudogene
ENSG00000232042,,120273127,120273526,X,processed_pseudogene
ENSG00000201392,RNU6-1078P,71965972,71966074,X,snRNA
ENSG00000196933,RPS26P11,72044545,72044892,X,processed_pseudogene
ENSG00000225471,TPT1P15,72159845,72160346,X,transcribed_processed_pseudogene
ENSG00000239577,RN7SL388P,72198712,72199050,X,misc_RNA
ENSG00000186871,ERCC6L,72204657,72239027,X,protein_coding
ENSG00000238926,Y_RNA,72284945,72285045,X,misc_RNA
ENSG00000222796,RNU6-383P,150955494,150955587,X,snRNA
ENSG00000230508,RPL19P21,150993501,150994091,X,processed_pseudogene
ENSG00000169164,,55654709,55657014,X,transcribed_unprocessed_pseudogene
ENSG00000187893,CXXC1P1,47722331,47725932,X,transcribed_unprocessed_pseudogene
ENSG00000230578,TMLHEP1,155348752,155349713,X,transcribed_unprocessed_pseudogene
ENSG00000157965,SSX8P,52624998,52632891,X,transcribed_unprocessed_pseudogene
ENSG00000204648,SSX9P,48296816,48304867,X,transcribed_unprocessed_pseudogene
ENSG00000226870,,71719142,71721278,X,transcribed_unprocessed_pseudogene
ENSG00000234442,,71761561,71762433,X,transcribed_unprocessed_pseudogene
ENSG00000171483,SSX6P,48109981,48119630,X,transcribed_unprocessed_pseudogene
ENSG00000274775,FSIP2LP,130445085,130523536,X,transcribed_unprocessed_pseudogene
ENSG00000251525,TCP11X3P,102173100,102185021,X,transcribed_unprocessed_pseudogene
ENSG00000186312,CA5BP1,15681053,15703192,X,transcribed_unprocessed_pseudogene
ENSG00000232765,,55279839,55288685,X,transcribed_unprocessed_pseudogene
ENSG00000126952,NXF5,101832537,101843278,X,transcribed_unprocessed_pseudogene
ENSG00000290798,NXF5,101832112,101857577,X,lncRNA
ENSG00000229015,,135397442,135397621,X,transcribed_unprocessed_pseudogene
ENSG00000196970,NXF4,102561935,102571465,X,transcribed_unprocessed_pseudogene
ENSG00000242599,CSAG4,152739864,152740681,X,transcribed_unprocessed_pseudogene
ENSG00000242520,MAGEA5P,152114599,152115540,X,transcribed_unprocessed_pseudogene
ENSG00000204072,ARMCX7P,101597510,101598071,X,transcribed_unprocessed_pseudogene
ENSG00000290908,,101598017,101598671,X,lncRNA
ENSG00000231069,,36985523,36986093,X,transcribed_unprocessed_pseudogene
ENSG00000237265,,71663276,71666767,X,transcribed_unprocessed_pseudogene
ENSG00000223773,CD99P1,2609415,2623453,X,transcribed_unprocessed_pseudogene
ENSG00000234493,RHOXF1P1,120014802,120015407,X,transcribed_unprocessed_pseudogene
ENSG00000214897,PNMA6E,153395639,153401392,X,protein_coding
ENSG00000290743,,102182315,102184899,X,lncRNA
ENSG00000230187,,70672895,70673515,X,processed_pseudogene
ENSG00000277492,,70846079,70846295,X,snoRNA
ENSG00000280704,SNORD3E,70846080,70846295,X,snoRNA
ENSG00000213747,WASHC3P1,70857163,70857502,X,processed_pseudogene
ENSG00000291285,,48107992,48114311,X,lncRNA
ENSG00000290708,SSX9P,48301550,48306179,X,lncRNA
ENSG00000239345,HNRNPA1P26,100855288,100856379,X,processed_pseudogene
ENSG00000233680,HNRNPA1P27,100887636,100888590,X,processed_pseudogene
ENSG00000179031,NSA2P3,100910712,100911489,X,processed_pseudogene
ENSG00000182489,XKRX,100913445,100929433,X,protein_coding
ENSG00000183981,MAGEA13P,138482745,138483695,X,processed_pseudogene
ENSG00000214930,KRT8P6,138487665,138488871,X,processed_pseudogene
ENSG00000285989,H2AQ1P,138558996,138559298,X,unitary_pseudogene
ENSG00000232183,,138627077,138627343,X,lncRNA
ENSG00000207800,MIR504,138667711,138667793,X,miRNA
ENSG00000235975,TPM2P1,138806374,138807091,X,processed_pseudogene
ENSG00000101958,GLRA2,14529298,14731812,X,protein_coding
ENSG00000242732,RTL5,72127110,72131915,X,protein_coding
ENSG00000046653,GPM6B,13770939,13938638,X,protein_coding
ENSG00000207486,RNU6-1044P,73397531,73397637,X,snRNA
ENSG00000233162,MORF4L1P6,73474563,73474830,X,processed_pseudogene
ENSG00000237475,RPL7P53,73535503,73536241,X,processed_pseudogene
ENSG00000230590,FTX,73940435,74293574,X,lncRNA
ENSG00000231549,ATP5MKP1,74173890,74174066,X,processed_pseudogene
ENSG00000204113,BMP2KL,74185929,74187153,X,processed_pseudogene
ENSG00000228492,RAB11FIP1P1,74202834,74204595,X,processed_pseudogene
ENSG00000271533,,74209976,74213660,X,lncRNA
ENSG00000202566,MIR421,74218377,74218461,X,miRNA
ENSG00000212027,MIR374B,74218547,74218618,X,miRNA
ENSG00000283534,MIR374C,74218549,74218618,X,miRNA
ENSG00000265727,RN7SL648P,74242608,74242908,X,misc_RNA
ENSG00000278421,,74274341,74274411,X,misc_RNA
ENSG00000273974,,74280402,74280495,X,misc_RNA
ENSG00000275254,,74280936,74281082,X,misc_RNA
ENSG00000275625,,74281703,74281849,X,misc_RNA
ENSG00000207820,MIR545,74287104,74287209,X,miRNA
ENSG00000199168,MIR374A,74287286,74287357,X,miRNA
ENSG00000277922,,74293357,74293574,X,misc_RNA
ENSG00000187969,ZCCHC13,74304180,74305034,X,protein_coding
ENSG00000226515,,74342713,74342860,X,processed_pseudogene
ENSG00000213269,RPS6P26,74376125,74376885,X,processed_pseudogene
ENSG00000270641,TSIX,73792205,73829231,X,lncRNA
ENSG00000291306,LNX2BP,73829068,73831274,X,transcribed_unitary_pseudogene
ENSG00000291310,,103975874,103976761,X,unprocessed_pseudogene
ENSG00000101812,H2BW2,104039956,104042454,X,protein_coding
ENSG00000239182,,118738055,118738182,X,snoRNA
ENSG00000250995,TMEM30BP1,118769796,118770857,X,processed_pseudogene
ENSG00000101974,ATP11C,139726346,139945276,X,protein_coding
ENSG00000291314,,10566888,10576955,X,protein_coding
ENSG00000124313,IQSEC2,53225828,53321350,X,protein_coding
ENSG00000290641,CXXC1P1,47707191,47753456,X,lncRNA
ENSG00000101871,MID1,10445310,10833654,X,protein_coding
ENSG00000007350,TKTL1,154295795,154330350,X,protein_coding
ENSG00000204131,NHSL2,71910845,72161750,X,protein_coding
ENSG00000277569,MIR6134,28495555,28495663,X,miRNA
ENSG00000223742,,28571532,28586395,X,lncRNA
ENSG00000169306,IL1RAPL1,28587446,29956718,X,protein_coding
ENSG00000226436,H3P43,28659065,28659469,X,processed_pseudogene
ENSG00000201666,,28924069,28924138,X,snoRNA
ENSG00000237994,,28942050,28942568,X,lncRNA
ENSG00000201356,RNA5SP500,28982852,28982970,X,rRNA_pseudogene
ENSG00000227393,,29369001,29369845,X,processed_pseudogene
ENSG00000264090,MIR4666B,29574278,29574358,X,miRNA
ENSG00000227592,PIGFP3,30017160,30017881,X,processed_pseudogene
ENSG00000147206,NXF3,103075810,103093143,X,protein_coding
ENSG00000226241,,103087198,103089277,X,processed_pseudogene
ENSG00000189108,IL1RAPL2,104566199,105767829,X,protein_coding
ENSG00000232665,PHB1P10,104647216,104647999,X,processed_pseudogene
ENSG00000223733,RPL18AP14,104803915,104804440,X,processed_pseudogene
ENSG00000268629,TEX13A,105218929,105220694,X,protein_coding
ENSG00000181819,KCTD9P2,105405647,105407039,X,processed_pseudogene
ENSG00000206864,RNU6-207P,105676071,105676177,X,snRNA
ENSG00000276380,UBE2NL,143884071,143885255,X,protein_coding
ENSG00000102096,PIM2,48913182,48919024,X,protein_coding
ENSG00000270813,NANOGNBP3,101337725,101338289,X,processed_pseudogene
ENSG00000183911,RPL21P132,101339917,101340934,X,processed_pseudogene
ENSG00000234557,PPIAP90,101443707,101444103,X,processed_pseudogene
ENSG00000102393,GLA,101393273,101408012,X,protein_coding
ENSG00000204071,TCEAL6,102140476,102142970,X,protein_coding
ENSG00000279245,FAM223A,154571248,154571960,X,lncRNA
ENSG00000272681,FAM223B,154632470,154633182,X,lncRNA
ENSG00000147144,CCDC120,49053572,49069857,X,protein_coding
ENSG00000200572,Y_RNA,134142228,134142340,X,misc_RNA
ENSG00000284499,MIR363,134169378,134169452,X,miRNA
ENSG00000284538,MIR92A2,134169538,134169612,X,miRNA
ENSG00000284107,MIR19B2,134169671,134169766,X,miRNA
ENSG00000284043,MIR20B,134169809,134169877,X,miRNA
ENSG00000283931,MIR18B,134170041,134170111,X,miRNA
ENSG00000284157,MIR106A,134170198,134170278,X,miRNA
ENSG00000205755,CRLF2,1190490,1212723,X,protein_coding
ENSG00000171405,XAGE5,52811287,52818301,X,protein_coding
ENSG00000181433,SAGE1,135890182,135913062,X,protein_coding
ENSG00000270916,RPL12P50,151023607,151023722,X,processed_pseudogene
ENSG00000212595,RNA5SP525,151026295,151026406,X,rRNA
ENSG00000290892,,152114994,152117939,X,lncRNA
ENSG00000252205,RNU6-764P,152250572,152250676,X,snRNA
ENSG00000207957,MIR105-1,152392219,152392299,X,miRNA
ENSG00000211583,MIR767,152393421,152393529,X,miRNA
ENSG00000207818,MIR105-2,152394412,152394492,X,miRNA
ENSG00000223940,KRT8P8,152479577,152481024,X,processed_pseudogene
ENSG00000290868,CSAG4,152733827,152740985,X,lncRNA
ENSG00000204118,NAP1L6P,73126514,73127735,X,transcribed_processed_pseudogene
ENSG00000293034,NAP1L6P,73126037,73128080,X,lncRNA
ENSG00000243468,INGX,71492083,71492928,X,transcribed_processed_pseudogene
ENSG00000260081,MRFAP1P1,153606517,153607101,X,transcribed_processed_pseudogene
ENSG00000221930,DENND10P1,130495159,130496232,X,transcribed_processed_pseudogene
ENSG00000293183,,130494965,130496588,X,lncRNA
ENSG00000259849,VENTXP1,26557675,26558330,X,transcribed_processed_pseudogene
ENSG00000293226,VENTXP1,26558247,26881029,X,lncRNA
ENSG00000248503,C4orf46P2,77962553,77962889,X,transcribed_processed_pseudogene
ENSG00000293258,,77910682,77966295,X,lncRNA
ENSG00000233585,ACAA2P1,48775993,48776970,X,transcribed_processed_pseudogene
ENSG00000233382,NKAPP1,120238193,120245099,X,transcribed_processed_pseudogene
ENSG00000269904,MAP2K4P1,73524961,73526155,X,transcribed_processed_pseudogene
ENSG00000283349,PFN5P,64405642,64406103,X,transcribed_unitary_pseudogene
ENSG00000293387,,64405473,64406136,X,lncRNA
ENSG00000224963,ECMXP,153479266,153486810,X,transcribed_unitary_pseudogene
ENSG00000188828,GLRA4,103707224,103728203,X,transcribed_unitary_pseudogene
ENSG00000278530,CHMP1B2P,80272065,80335227,X,transcribed_unitary_pseudogene
ENSG00000207104,RNU6-434P,54343546,54343652,X,snRNA
ENSG00000293133,INGX,71491682,71492449,X,lncRNA
ENSG00000283599,,71667542,71671527,X,protein_coding
ENSG00000009694,TENM1,124375903,125204312,X,protein_coding
ENSG00000288661,,63754485,63754664,X,protein_coding
ENSG00000227988,CRIPTOP1,38395369,38395895,X,processed_pseudogene
ENSG00000232370,BAG1P1,38479215,38479913,X,processed_pseudogene
ENSG00000229735,FTLP16,38484752,38485264,X,processed_pseudogene
ENSG00000233007,UBTFL11,38531923,38534174,X,processed_pseudogene
ENSG00000238606,RNU7-7P,38608215,38608276,X,snRNA
ENSG00000169057,MECP2,154021573,154137103,X,protein_coding
ENSG00000288706,,23783278,23783367,X,protein_coding
ENSG00000273820,USP27X,49879484,49882558,X,protein_coding
ENSG00000220132,CPSF1P2,49911620,49912362,X,processed_pseudogene
ENSG00000201341,RNU6-421P,49945336,49945442,X,snRNA
ENSG00000233887,,97841749,97849381,X,lncRNA
ENSG00000237752,NCKAP1P1,97906644,97908090,X,processed_pseudogene
ENSG00000234889,KPNB1P1,97975878,97978641,X,processed_pseudogene
ENSG00000172186,HMGN1P35,69174124,69174717,X,processed_pseudogene
ENSG00000233033,CASK-AS1,41520036,41522336,X,lncRNA
ENSG00000287394,MAGEA3-DT,152574677,152698700,X,lncRNA
ENSG00000268902,CSAG2,152708261,152721661,X,protein_coding
ENSG00000231447,,152746817,152747762,X,lncRNA
ENSG00000214282,KRT8P14,45632292,45633733,X,processed_pseudogene
ENSG00000224701,MED28P4,45951762,45952333,X,processed_pseudogene
ENSG00000213100,KRT18P68,45983365,45984364,X,processed_pseudogene
ENSG00000184735,DDX53,22999960,23003589,X,protein_coding
ENSG00000228610,PDCL2P1,23198339,23198690,X,processed_pseudogene
ENSG00000293395,,149056712,149057469,X,lncRNA
ENSG00000222810,RNU2-68P,72376979,72377169,X,snRNA
ENSG00000228372,SMIM10L2B-AS1,135059685,135123952,X,protein_coding
ENSG00000293663,,135391849,135392207,X,protein_coding
ENSG00000237833,ETS2P1,135583651,135585160,X,processed_pseudogene
ENSG00000233807,AMZ2P3,27218131,27218678,X,processed_pseudogene
ENSG00000252486,Y_RNA,27252119,27252235,X,misc_RNA
ENSG00000235642,PTP4A1P5,27427777,27428231,X,processed_pseudogene
ENSG00000224960,PPP4R3C,27460207,27463341,X,protein_coding
ENSG00000223391,RDXP2,27517771,27517881,X,processed_pseudogene
ENSG00000238247,RDXP3,27517884,27519759,X,processed_pseudogene
ENSG00000226881,H3P44,50905438,50905866,X,processed_pseudogene
ENSG00000130385,BMP15,50910735,50916641,X,protein_coding
ENSG00000227493,,51030422,51031357,X,unprocessed_pseudogene
ENSG00000230926,,51082818,51091228,X,unprocessed_pseudogene
ENSG00000237926,,51162864,51163677,X,unprocessed_pseudogene
ENSG00000224799,,56973510,56974796,X,lncRNA
ENSG00000204271,SPIN3,56818298,56995827,X,protein_coding
ENSG00000196433,ASMT,1615059,1643081,X,protein_coding
ENSG00000234622,,1767347,1768776,X,lncRNA
ENSG00000221463,MIR1277,118386394,118386471,X,miRNA
ENSG00000206862,Y_RNA,118569405,118569515,X,misc_RNA
ENSG00000230399,RBBP8P1,118632375,118634616,X,protein_coding
ENSG00000267064,UXT-AS1,47658833,47692326,X,lncRNA
ENSG00000175809,CBLL2,22272913,22274461,X,protein_coding
ENSG00000232332,ARL5AP5,76029895,76030330,X,processed_pseudogene
ENSG00000237252,MMADHCP1,76222637,76223097,X,processed_pseudogene
ENSG00000201826,RNU6-867P,76244968,76245074,X,snRNA
ENSG00000274398,,76250183,76251796,X,processed_pseudogene
ENSG00000293700,,964424,965367,X,lncRNA
ENSG00000293816,,47321276,47322775,X,lncRNA
ENSG00000293858,,120642321,120752910,X,lncRNA
ENSG00000293881,,120668579,120753815,X,lncRNA
ENSG00000293893,,7238340,7252415,X,lncRNA
ENSG00000294004,,70153632,70252557,X,lncRNA
ENSG00000294011,,148371504,148417896,X,lncRNA
ENSG00000294026,,70088276,70090818,X,lncRNA
ENSG00000294030,,30594445,30613842,X,lncRNA
ENSG00000294050,,30612543,30613310,X,lncRNA
ENSG00000294091,,48472835,48476097,X,lncRNA
ENSG00000294104,,5446865,5480947,X,lncRNA
ENSG00000294283,,99372398,99450583,X,lncRNA
ENSG00000231110,,140216026,140216851,X,lncRNA
ENSG00000229012,,8863857,8867662,X,lncRNA
ENSG00000294366,,70436366,70444247,X,lncRNA
ENSG00000289923,,107642924,107677060,X,lncRNA
ENSG00000294370,,3548950,3549825,X,lncRNA
ENSG00000294392,,107627798,107628489,X,lncRNA
ENSG00000294407,,42098961,42197859,X,lncRNA
ENSG00000294438,,107717167,107717444,X,lncRNA
ENSG00000294448,,133434687,133453435,X,lncRNA
ENSG00000294454,,79367122,79395540,X,lncRNA
ENSG00000294456,,25144399,25654002,X,lncRNA
ENSG00000294484,,25495674,25527648,X,lncRNA
ENSG00000294603,,48490825,48502605,X,lncRNA
ENSG00000294613,,30447200,30454502,X,lncRNA
ENSG00000235189,,129868743,129959868,X,lncRNA
ENSG00000294726,,92636890,92702940,X,lncRNA
ENSG00000294791,,13387549,13430269,X,lncRNA
ENSG00000226985,LINC01203,13333952,13403035,X,lncRNA
ENSG00000294863,,42696090,42696672,X,lncRNA
ENSG00000294999,,129718026,129734390,X,lncRNA
ENSG00000231830,,154333948,154342182,X,lncRNA
ENSG00000295010,,31014709,31070685,X,lncRNA
ENSG00000295156,,71494772,71502117,X,lncRNA
ENSG00000289038,,68498095,68498989,X,lncRNA
ENSG00000295165,,107710832,107711144,X,lncRNA
ENSG00000197180,ATP6AP1-DT,154424377,154428549,X,lncRNA
ENSG00000290740,,130477069,130524284,X,lncRNA
ENSG00000295269,,15136998,15149076,X,lncRNA
ENSG00000295275,,64580253,64586507,X,lncRNA
ENSG00000295325,,4360791,4391589,X,lncRNA
ENSG00000295333,,50979146,50992948,X,lncRNA
ENSG00000295336,,80449930,80513825,X,lncRNA
ENSG00000295343,,119749423,119750255,X,lncRNA
ENSG00000295365,,96394404,96465859,X,lncRNA
ENSG00000295389,,56618125,56729515,X,lncRNA
ENSG00000225970,,143757693,143863176,X,lncRNA
ENSG00000230105,,56618309,56624458,X,lncRNA
ENSG00000295508,,41432754,41445931,X,lncRNA
ENSG00000295510,,126198216,126460437,X,lncRNA
ENSG00000295515,,24444823,24465875,X,lncRNA
ENSG00000295525,,87681989,87687610,X,lncRNA
ENSG00000295652,,49233783,49235711,X,lncRNA
ENSG00000286724,,18984291,19060329,X,lncRNA
ENSG00000285018,,154373643,154377886,X,lncRNA
ENSG00000295984,,77427817,77461384,X,lncRNA
ENSG00000293351,MAP2K4P1,73524275,73563346,X,lncRNA
ENSG00000296021,,12949588,12950211,X,lncRNA
ENSG00000296047,,143579666,143580930,X,lncRNA
ENSG00000283692,,137573752,137982043,X,lncRNA
ENSG00000296130,,600187,600999,X,lncRNA
ENSG00000296151,,23872110,23883575,X,lncRNA
ENSG00000233785,SAT1-DT,23772809,23783406,X,lncRNA
ENSG00000296180,,23826403,23829380,X,lncRNA
ENSG00000296219,,24372640,24396601,X,lncRNA
ENSG00000296231,,1248681,1263594,X,lncRNA
ENSG00000296240,,141066889,141092618,X,lncRNA
ENSG00000296247,,1248659,1249661,X,lncRNA
ENSG00000296276,,1552740,1565013,X,lncRNA
ENSG00000296295,,15746623,15758293,X,lncRNA
ENSG00000296303,,125384910,125394258,X,lncRNA
ENSG00000290746,CA5BP1,15674932,15703724,X,lncRNA
ENSG00000236393,LINC03099,40262540,40399092,X,lncRNA
ENSG00000296354,,71814817,71823738,X,lncRNA
ENSG00000296358,,40379507,40380529,X,lncRNA
ENSG00000286072,,112840233,113212186,X,lncRNA
ENSG00000296408,,112846669,112878939,X,lncRNA
ENSG00000296440,,82741350,82765613,X,lncRNA
ENSG00000236017,ASMTL-AS1,1401430,1414028,X,lncRNA
ENSG00000296573,,138423573,138480210,X,lncRNA
ENSG00000296590,,1883825,1894966,X,lncRNA
ENSG00000296675,,123780673,123794134,X,lncRNA
ENSG00000296679,,44648419,44651607,X,lncRNA
ENSG00000296700,,77786600,77787775,X,lncRNA
ENSG00000296760,,9198642,9205720,X,lncRNA
ENSG00000284377,,147180802,147271962,X,lncRNA
ENSG00000296782,,147183105,147228345,X,lncRNA
ENSG00000225833,ACE2-DT,15602858,15621485,X,lncRNA
ENSG00000296839,,7593237,7686818,X,lncRNA
ENSG00000296858,,109813673,109815112,X,lncRNA
ENSG00000226031,FGF13-AS1,138711452,138716617,X,lncRNA
ENSG00000296968,,114399480,114470799,X,lncRNA
ENSG00000296977,,132610960,132636208,X,lncRNA
ENSG00000259977,,37905935,37995831,X,lncRNA
ENSG00000296982,,1111322,1112300,X,lncRNA
ENSG00000296989,,30652739,30653178,X,lncRNA
ENSG00000290520,,55654705,55658399,X,lncRNA
ENSG00000297011,,64842802,64851049,X,lncRNA
ENSG00000297015,,119853510,119896093,X,lncRNA
ENSG00000297016,,149470904,149471966,X,lncRNA
ENSG00000297034,,119891422,119892451,X,lncRNA
ENSG00000297051,,17777087,17787389,X,lncRNA
ENSG00000297066,,52355900,52358823,X,lncRNA
ENSG00000268066,FMR1-AS1,147891981,147911817,X,lncRNA
ENSG00000237863,IRS4-AS1,108736009,108739718,X,lncRNA
ENSG00000297186,,109301684,109349086,X,lncRNA
ENSG00000285679,,7928443,8444335,X,lncRNA
ENSG00000297223,,8170858,8181233,X,lncRNA
ENSG00000297249,,31071768,31198592,X,lncRNA
ENSG00000293469,CHMP1B2P,80210619,80335364,X,lncRNA
ENSG00000297286,,78139155,78239418,X,lncRNA
ENSG00000232828,,48636633,48801376,X,lncRNA
ENSG00000281849,,386962,511616,X,lncRNA
ENSG00000231154,MORF4L2-AS1,103687243,103691772,X,lncRNA
ENSG00000297343,,48673368,48676410,X,lncRNA
ENSG00000297375,,24662730,24668489,X,lncRNA
ENSG00000287370,,64205915,64388372,X,lncRNA
ENSG00000236871,LINC00106,1392679,1400524,X,lncRNA
ENSG00000297424,,1337165,1341817,X,lncRNA
ENSG00000229563,LINC01204,45505373,45632121,X,lncRNA
ENSG00000297550,,123011842,123014291,X,lncRNA
ENSG00000297584,,68631402,68646529,X,lncRNA
ENSG00000297605,,32490500,32502039,X,lncRNA
ENSG00000297641,,7012607,7046460,X,lncRNA
ENSG00000297657,,14893357,14899842,X,lncRNA
ENSG00000261435,,39726827,39878056,X,lncRNA
ENSG00000297686,,39759355,39809447,X,lncRNA
ENSG00000297693,,103394198,103395784,X,lncRNA
ENSG00000297705,,39755694,39759981,X,lncRNA
ENSG00000297719,,134952701,135032805,X,lncRNA
ENSG00000297726,,6768823,6932972,X,lncRNA
ENSG00000297727,,39818219,39820803,X,lncRNA
ENSG00000236091,LINC02243,134949458,134959600,X,lncRNA
ENSG00000297744,,39820911,39822719,X,lncRNA
ENSG00000297768,,39819777,39820923,X,lncRNA
ENSG00000297788,,39766696,39767667,X,lncRNA
ENSG00000297813,,39755585,39756548,X,lncRNA
ENSG00000297828,,90996299,90996795,X,lncRNA
ENSG00000297845,,130527153,130530143,X,lncRNA
ENSG00000297847,,44860776,44872589,X,lncRNA
ENSG00000297873,,44867371,44872245,X,lncRNA
ENSG00000297976,,129778575,129780762,X,lncRNA
ENSG00000298012,,37888698,37896849,X,lncRNA
ENSG00000298034,,42424124,42430890,X,lncRNA
ENSG00000298059,,90458591,90462269,X,lncRNA
ENSG00000286523,,96105302,96372889,X,lncRNA
ENSG00000298103,,17861530,17880297,X,lncRNA
ENSG00000229491,,45183251,45333922,X,lncRNA
ENSG00000298134,,56488346,56564278,X,lncRNA
ENSG00000298253,,129523639,129526992,X,lncRNA
ENSG00000260683,,127491835,127662530,X,lncRNA
ENSG00000298367,,111544153,111630990,X,lncRNA
ENSG00000298409,,71777654,71784481,X,lncRNA
ENSG00000298422,,129296261,129362068,X,lncRNA
ENSG00000289479,,92099325,92105722,X,lncRNA
ENSG00000298502,,105768227,105797384,X,lncRNA
ENSG00000298669,,132020831,132025278,X,lncRNA
ENSG00000298688,,132022786,132023103,X,lncRNA
ENSG00000298691,,155732902,155767649,X,lncRNA
ENSG00000298740,,130022920,130024298,X,lncRNA
ENSG00000298742,,3735848,3743914,X,lncRNA
ENSG00000298752,,69503355,69506525,X,lncRNA
ENSG00000298798,,140087667,140159066,X,lncRNA
ENSG00000224294,PINCR,43176986,43226598,X,lncRNA
ENSG00000298911,,3806638,3809329,X,lncRNA
ENSG00000290748,,55280009,55353799,X,lncRNA
ENSG00000298984,,78653458,78722585,X,lncRNA
ENSG00000299048,,10177172,10179106,X,lncRNA
ENSG00000235304,LINC01281,39304956,39327423,X,lncRNA
ENSG00000299125,,12005080,12011351,X,lncRNA
ENSG00000285756,,3817524,3937855,X,lncRNA
ENSG00000286431,,3815096,3876789,X,lncRNA
ENSG00000235437,LINC01278,63222993,63561095,X,lncRNA
ENSG00000289870,,109734654,109774764,X,lncRNA
ENSG00000299352,,45115573,45127072,X,lncRNA
ENSG00000289365,,109733377,109737577,X,lncRNA
ENSG00000290713,,71716260,71720818,X,lncRNA
ENSG00000299522,,39904790,39906743,X,lncRNA
ENSG00000299659,,72935836,72937460,X,lncRNA
ENSG00000299685,,8987882,8993132,X,lncRNA
ENSG00000299699,,65772916,65840904,X,lncRNA
ENSG00000286085,,145674200,145820910,X,lncRNA
ENSG00000299734,,94569224,94600352,X,lncRNA
ENSG00000299742,,145843614,145875772,X,lncRNA
ENSG00000288595,,114040374,114056423,X,lncRNA
ENSG00000299780,,113970789,113977700,X,lncRNA
ENSG00000293448,,103702210,103728655,X,lncRNA
ENSG00000299816,,38560807,38562766,X,lncRNA
ENSG00000299839,,109828340,109829771,X,lncRNA
ENSG00000299900,,2500245,2503113,X,lncRNA
ENSG00000299918,,2373008,2373119,X,lncRNA
ENSG00000230317,LINC01284,51079060,51396884,X,lncRNA
ENSG00000236120,LINC03070,5653418,5726388,X,lncRNA
ENSG00000300004,,42778361,42784004,X,lncRNA
ENSG00000300069,,11831575,11832516,X,lncRNA
ENSG00000286163,,121014317,121298035,X,lncRNA
ENSG00000300098,,121092808,121136318,X,lncRNA
ENSG00000300121,,121019922,121047761,X,lncRNA
ENSG00000300140,,88495614,88613490,X,lncRNA
ENSG00000300160,,39486830,39501694,X,lncRNA
ENSG00000300177,,37043203,37045111,X,lncRNA
ENSG00000287776,,122422001,122479732,X,lncRNA
ENSG00000300315,,39046371,39132188,X,lncRNA
ENSG00000300338,,39042524,39065457,X,lncRNA
ENSG00000232412,STAG2-AS1,123923111,123961639,X,lncRNA
ENSG00000300464,,80013426,80022784,X,lncRNA
ENSG00000290734,,48114936,48120691,X,lncRNA
ENSG00000300611,,39536683,39602386,X,lncRNA
ENSG00000287806,,131157768,131407083,X,lncRNA
ENSG00000300762,,131200821,131227304,X,lncRNA
ENSG00000224610,,39138146,39299811,X,lncRNA
ENSG00000300848,,39158033,39172202,X,lncRNA
ENSG00000300880,,94193182,94193577,X,lncRNA
ENSG00000300913,,18832026,18833999,X,lncRNA
ENSG00000300926,,71906909,71911977,X,lncRNA
ENSG00000300962,,113547209,113551696,X,lncRNA
ENSG00000286118,,52919799,52934783,X,lncRNA
ENSG00000301008,,52935241,52936323,X,lncRNA
ENSG00000228933,,27016335,27399033,X,lncRNA
ENSG00000301130,,42839654,42947054,X,lncRNA
ENSG00000301170,,129771553,129777554,X,lncRNA
ENSG00000204904,LINC01545,46886710,46912738,X,lncRNA
ENSG00000301267,,125204527,125245641,X,lncRNA
ENSG00000301275,,65575741,65595479,X,lncRNA
ENSG00000301283,,125205861,125213316,X,lncRNA
ENSG00000231937,,152138323,152186857,X,lncRNA
ENSG00000301333,,115311310,115343336,X,lncRNA
ENSG00000301355,,115312472,115315882,X,lncRNA
ENSG00000301433,,50180005,50197291,X,lncRNA
ENSG00000301466,,21429577,21431953,X,lncRNA
ENSG00000301494,,26350317,26558381,X,lncRNA
ENSG00000301498,,138264400,138269737,X,lncRNA
ENSG00000301521,,72305961,72311886,X,lncRNA
ENSG00000237531,,990101,994374,X,lncRNA
ENSG00000301679,,100539168,100606270,X,lncRNA
ENSG00000301689,,41261302,41335064,X,lncRNA
ENSG00000223714,LINC02601,41275626,41277443,X,lncRNA
ENSG00000301726,,41332658,41333185,X,lncRNA
ENSG00000301736,,34532519,34535417,X,lncRNA
ENSG00000301757,,16759970,16786358,X,lncRNA
ENSG00000301765,,37867497,37888108,X,lncRNA
ENSG00000301792,,129091348,129234595,X,lncRNA
ENSG00000301838,,130047208,130060967,X,lncRNA
ENSG00000301847,,134003400,134005501,X,lncRNA
ENSG00000301848,,129134773,129141178,X,lncRNA
ENSG00000301854,,130057883,130060585,X,lncRNA
ENSG00000301893,,21658510,21689940,X,lncRNA
ENSG00000301928,,83491532,83507093,X,lncRNA
ENSG00000301963,,3970920,3978402,X,lncRNA
ENSG00000302007,,120560806,120591276,X,lncRNA
ENSG00000302040,,6613331,6614055,X,lncRNA
ENSG00000280870,MIR325HG,76656866,77014532,X,lncRNA
ENSG00000302095,,76656548,76694667,X,lncRNA
ENSG00000302260,,75523237,75669365,X,lncRNA
ENSG00000302321,,119386269,119386815,X,lncRNA
ENSG00000302332,,119501832,119523151,X,lncRNA
ENSG00000302350,,119486366,119487060,X,lncRNA
ENSG00000230153,LINC02927,150875735,150920938,X,lncRNA
ENSG00000302366,,119502920,119503515,X,lncRNA
ENSG00000302383,,150898862,150899468,X,lncRNA
ENSG00000277215,SPANXA2-OT1,141176743,141649927,X,lncRNA
ENSG00000224765,LINC02931,137412444,137569203,X,lncRNA
ENSG00000302450,,137548292,137550503,X,lncRNA
ENSG00000302460,,154381481,154389797,X,lncRNA
ENSG00000302465,,122085740,122087389,X,lncRNA
ENSG00000302471,,154388002,154388794,X,lncRNA
ENSG00000302488,,154389028,154389616,X,lncRNA
ENSG00000302568,,121540921,121561970,X,lncRNA
ENSG00000284391,,70427346,70435378,X,lncRNA
ENSG00000281566,LINC03077,98450688,99071363,X,lncRNA
ENSG00000302645,,55511492,55652451,X,lncRNA
ENSG00000302677,,101597244,101599486,X,lncRNA
ENSG00000302702,,101645149,101645829,X,lncRNA
ENSG00000289287,,114594347,114606897,X,lncRNA
ENSG00000302729,,9272499,9352142,X,lncRNA
ENSG00000228543,,9249414,9275206,X,lncRNA
ENSG00000302773,,9335758,9343197,X,lncRNA
ENSG00000302774,,115547549,115549221,X,lncRNA
ENSG00000302782,,153030193,153031850,X,lncRNA
ENSG00000302791,,9342706,9343451,X,lncRNA
ENSG00000289570,,39991262,40014938,X,lncRNA
ENSG00000223486,LINC03053,40006365,40012201,X,lncRNA
ENSG00000302929,,40013240,40013921,X,lncRNA
ENSG00000302958,,39928935,39953817,X,lncRNA
ENSG00000302967,,115345616,115412370,X,lncRNA
ENSG00000302988,,115362336,115363222,X,lncRNA
ENSG00000302991,,39950725,39954973,X,lncRNA
ENSG00000303020,,40102678,40117415,X,lncRNA
ENSG00000288856,,40171320,40173075,X,lncRNA
ENSG00000303031,,151552235,151554757,X,lncRNA
ENSG00000303056,,40144529,40145786,X,lncRNA
ENSG00000303077,,40098874,40100108,X,lncRNA
ENSG00000303079,,70467407,70479313,X,lncRNA
ENSG00000233103,,42043791,42054962,X,lncRNA
ENSG00000303092,,40174852,40175754,X,lncRNA
ENSG00000231651,DLG3-AS1,70452956,70456077,X,lncRNA
ENSG00000303112,,40171713,40172520,X,lncRNA
ENSG00000289132,,80808285,80845931,X,lncRNA
ENSG00000234390,USP27X-DT,49876242,49879440,X,lncRNA
ENSG00000281852,LINC00891,71697015,71706455,X,lncRNA
ENSG00000303214,,108218151,108220379,X,lncRNA
ENSG00000303236,,20364774,20366372,X,lncRNA
ENSG00000303286,,130277620,130280155,X,lncRNA
ENSG00000291017,,71662986,71670143,X,lncRNA
ENSG00000303315,,93939745,94025476,X,lncRNA
ENSG00000303321,,131661461,131664414,X,lncRNA
ENSG00000303363,,16577199,16583683,X,lncRNA
ENSG00000288739,,55488568,55490449,X,lncRNA
ENSG00000303456,,79108124,79108402,X,lncRNA
ENSG00000303481,,125985296,126110137,X,lncRNA
ENSG00000303488,,136421476,136422224,X,lncRNA
ENSG00000303514,,90231359,90265227,X,lncRNA
ENSG00000303515,,119209070,119209636,X,lncRNA
ENSG00000274536,MIR223HG,66012419,66020430,X,lncRNA
ENSG00000303603,,30138244,30215524,X,lncRNA
ENSG00000303626,,72050214,72072689,X,lncRNA
ENSG00000303640,,72132298,72132923,X,lncRNA
ENSG00000303644,,112637560,112740261,X,lncRNA
ENSG00000204620,,48567591,48574902,X,lncRNA
ENSG00000303654,,118822558,118823673,X,lncRNA
ENSG00000303663,,112477694,112535682,X,lncRNA
ENSG00000303677,,112688538,112719137,X,lncRNA
ENSG00000303680,,78932063,78945304,X,lncRNA
ENSG00000286366,,119791716,119835056,X,lncRNA
ENSG00000228459,LINC01546,3271504,3291550,X,lncRNA
ENSG00000303749,,28042572,28108541,X,lncRNA
ENSG00000303789,,74385568,74420659,X,lncRNA
ENSG00000303837,,267677,276210,X,lncRNA
ENSG00000303863,,278946,281825,X,lncRNA
ENSG00000303890,,118715273,118717865,X,lncRNA
ENSG00000303910,,140503232,140598288,X,lncRNA
ENSG00000303923,,31350617,31367733,X,lncRNA
ENSG00000303925,,89501877,89539351,X,lncRNA
ENSG00000303947,,111001587,111109865,X,lncRNA
ENSG00000303980,,35890854,35900225,X,lncRNA
ENSG00000304002,,27981517,28001369,X,lncRNA
ENSG00000283638,MIR106AHG,134168911,134174129,X,lncRNA
ENSG00000304092,,55796977,55908153,X,lncRNA
ENSG00000304131,,113212702,113304273,X,lncRNA
ENSG00000290686,,52622935,52633948,X,lncRNA
ENSG00000281091,LL0XNC01-250H12.3,103404743,103518719,X,lncRNA
ENSG00000304235,,131838389,131854856,X,lncRNA
ENSG00000224292,PORCN-DT,48506453,48508906,X,lncRNA
ENSG00000287619,,103534987,103586478,X,lncRNA
ENSG00000304280,,103591920,103629683,X,lncRNA
ENSG00000304307,,103436959,103464910,X,lncRNA
ENSG00000304365,,81682316,81682556,X,lncRNA
ENSG00000304385,,94620026,94704267,X,lncRNA
ENSG00000304403,,94697798,94747069,X,lncRNA
ENSG00000304417,,24200600,24297422,X,lncRNA
ENSG00000232160,RAP2C-AS1,132161687,132432862,X,lncRNA
ENSG00000304431,,21819991,21839564,X,lncRNA
ENSG00000304452,,24146791,24148969,X,lncRNA
ENSG00000288783,,50161905,50162521,X,lncRNA
ENSG00000304511,,30497505,30499661,X,lncRNA
ENSG00000304513,,91616866,91753301,X,lncRNA
ENSG00000304535,,91752792,91777974,X,lncRNA
ENSG00000304549,,91772093,91783185,X,lncRNA
ENSG00000304551,,86812210,86983563,X,lncRNA
ENSG00000304633,,27832503,27840695,X,lncRNA
ENSG00000304644,,127075476,127077577,X,lncRNA
ENSG00000304664,,26114242,26204786,X,lncRNA
ENSG00000304725,,105910585,106007975,X,lncRNA
ENSG00000226725,PABPC1L2B-AS1,72945831,73080073,X,lncRNA
ENSG00000231963,,73078290,73087816,X,lncRNA
ENSG00000304825,,90345872,90378612,X,lncRNA
ENSG00000304849,,54053301,54057568,X,lncRNA
ENSG00000304904,,44542413,44559912,X,lncRNA
ENSG00000234161,PABPC5-AS1,91277171,91435246,X,lncRNA
ENSG00000230899,MAGEA8-AS1,149876186,149897038,X,lncRNA
ENSG00000305030,,81492056,81492882,X,lncRNA
ENSG00000305051,,11787709,11794710,X,lncRNA
ENSG00000203650,LINC01285,118839538,118919669,X,lncRNA
ENSG00000225689,,128027322,129326707,X,lncRNA
ENSG00000305130,,118855386,118856068,X,lncRNA
ENSG00000238178,MAGEB17-AS1,16152941,16170869,X,lncRNA
ENSG00000305216,,11732689,11750447,X,lncRNA
ENSG00000237341,SYP-AS1,49198833,49202457,X,lncRNA
ENSG00000223438,,141625813,141626752,X,lncRNA
ENSG00000227060,LINC00629,134549747,134560401,X,lncRNA
ENSG00000223749,MIR503HG,134543118,134549644,X,lncRNA
ENSG00000305308,,35614357,35625842,X,lncRNA
ENSG00000305363,,19132307,19164579,X,lncRNA
ENSG00000305399,,20115406,20116334,X,lncRNA
ENSG00000305418,,2809598,2828840,X,lncRNA
ENSG00000305467,,3450334,3520490,X,lncRNA
ENSG00000285899,,43279489,43438662,X,lncRNA
ENSG00000305486,,3469150,3479163,X,lncRNA
ENSG00000305500,,49757606,49759590,X,lncRNA
ENSG00000241743,XACT,113616300,114059289,X,lncRNA
ENSG00000287918,,151303384,151397142,X,lncRNA
ENSG00000305559,,152801119,152814627,X,lncRNA
ENSG00000305567,,47803095,47807038,X,lncRNA
ENSG00000305574,,151459367,151550669,X,lncRNA
ENSG00000287171,LINC03113,8487165,8504564,X,lncRNA
ENSG00000214915,,151515236,151520095,X,lncRNA
ENSG00000305612,,11351278,11351708,X,lncRNA
ENSG00000305614,,1169151,1179160,X,lncRNA
ENSG00000305821,,98527519,98529723,X,lncRNA
ENSG00000305835,,120055430,120056445,X,lncRNA
ENSG00000305839,,54636233,54710583,X,lncRNA
ENSG00000280195,,154396878,154398842,X,lncRNA
ENSG00000305876,,47358442,47362103,X,lncRNA
ENSG00000286767,,113157836,113188018,X,lncRNA
ENSG00000305974,,109859962,109861298,X,lncRNA
ENSG00000228659,LINC01201,130981590,131067468,X,lncRNA
ENSG00000306049,,8803058,8822151,X,lncRNA
ENSG00000306059,,114713923,114813702,X,lncRNA
ENSG00000306065,,47630022,47642350,X,lncRNA
ENSG00000290714,,71760757,71765298,X,lncRNA
ENSG00000236751,LINC01186,46256759,46327716,X,lncRNA
ENSG00000306237,,38225228,38227644,X,lncRNA
ENSG00000306298,,20607431,20727047,X,lncRNA
ENSG00000306376,,102306588,102314911,X,lncRNA
ENSG00000306433,,46758627,46772960,X,lncRNA
ENSG00000306484,,12971512,12974985,X,lncRNA
ENSG00000306507,,12951121,12954458,X,lncRNA
ENSG00000288817,,12972693,12975257,X,lncRNA
ENSG00000306697,,135741051,135744450,X,lncRNA
ENSG00000285896,LINC03114,8897642,8927153,X,lncRNA
ENSG00000289127,,38806998,39019648,X,lncRNA
ENSG00000238123,MID1IP1-AS1,38779495,38870856,X,lncRNA
ENSG00000306747,,68923168,69084586,X,lncRNA
ENSG00000235806,,38770294,38800554,X,lncRNA
ENSG00000306777,,9414547,9444667,X,lncRNA
ENSG00000306793,,68985377,69040766,X,lncRNA
ENSG00000306798,,148129017,148255228,X,lncRNA
ENSG00000306814,,16084172,16090878,X,lncRNA
ENSG00000306822,,148086934,148129476,X,lncRNA
ENSG00000306823,,68927266,68942719,X,lncRNA
ENSG00000306898,,119141694,119142796,X,lncRNA
ENSG00000306932,,115472877,115509419,X,lncRNA
ENSG00000306982,,84857352,84876373,X,lncRNA
ENSG00000306998,,84871522,84881816,X,lncRNA
ENSG00000273877,,153225628,153230357,X,lncRNA
ENSG00000215162,LINC00269,69179553,69209924,X,lncRNA
ENSG00000307069,,47076774,47129941,X,lncRNA
ENSG00000307072,,83507696,83510775,X,lncRNA
ENSG00000288759,,47129237,47139794,X,lncRNA
ENSG00000233145,,140017187,140018049,X,lncRNA
ENSG00000307210,,69104950,69145013,X,lncRNA
ENSG00000307263,,144202658,144203072,X,lncRNA
ENSG00000237221,PPEF1-AS1,18688634,18692701,X,lncRNA
ENSG00000233067,PTCHD1-AS,22162728,23333685,X,lncRNA
ENSG00000307341,,123187629,123514592,X,lncRNA
ENSG00000307366,,123183540,123183951,X,lncRNA
ENSG00000233403,,25819184,25893544,X,lncRNA
ENSG00000307423,,106008150,106009695,X,lncRNA
ENSG00000307531,,5149581,5151795,X,lncRNA
ENSG00000307552,,95290239,95346106,X,lncRNA
ENSG00000307559,,52193292,52193974,X,lncRNA
ENSG00000307588,,153077685,153092448,X,lncRNA
ENSG00000307619,,12892127,12897074,X,lncRNA
ENSG00000234129,HCCS-DT,10847543,11111284,X,lncRNA
ENSG00000307678,,10900890,10929484,X,lncRNA
ENSG00000286794,,102141544,102143976,X,lncRNA
ENSG00000307804,,28659519,28666339,X,lncRNA
ENSG00000223511,LINC02968,1657735,1763312,X,lncRNA
ENSG00000307846,,154342285,154343283,X,lncRNA
ENSG00000307867,,154342510,154343086,X,lncRNA
ENSG00000258545,RHOXF1-AS1,120036236,120146855,X,lncRNA
ENSG00000307880,,142264062,142270320,X,lncRNA
ENSG00000307891,,15854902,15856418,X,lncRNA
ENSG00000289237,,15853816,15854112,X,lncRNA
ENSG00000307914,,120143577,120145500,X,lncRNA
ENSG00000293328,NKAPP1,120178488,120245284,X,lncRNA
ENSG00000307948,,154762332,154763343,X,lncRNA
ENSG00000286650,,130110659,130170550,X,lncRNA
ENSG00000308122,,21844911,21856205,X,lncRNA
ENSG00000308198,,39383632,39387017,X,lncRNA
ENSG00000233928,,33726048,34380499,X,lncRNA
ENSG00000287757,,48071209,48078723,X,lncRNA
ENSG00000308264,,44670162,44698517,X,lncRNA
ENSG00000308265,,153164162,153164875,X,lncRNA
ENSG00000289068,,39653211,39679337,X,lncRNA
ENSG00000224533,TMLHE-AS1,155457738,155611616,X,lncRNA
ENSG00000224216,,155334858,155382951,X,lncRNA
ENSG00000290643,,155348743,155351137,X,lncRNA
ENSG00000308412,,104668683,104670376,X,lncRNA
ENSG00000308465,,18353738,18358886,X,lncRNA
ENSG00000308487,,154343320,154344112,X,lncRNA
ENSG00000308582,,68865251,68868540,X,lncRNA
ENSG00000234696,GPR50-AS1,151175175,151177836,X,lncRNA
ENSG00000269993,,151181612,151182856,X,lncRNA
ENSG00000229967,MAGEA4-AS1,151904425,151919584,X,lncRNA
ENSG00000308655,,145504283,145507618,X,lncRNA
ENSG00000308681,,150013388,150028820,X,lncRNA
ENSG00000308704,,107677119,107678014,X,lncRNA
ENSG00000308713,,129632115,129651993,X,lncRNA
ENSG00000227610,FRMPD3-AS1,107493619,107547780,X,lncRNA
ENSG00000308732,,129631858,129636259,X,lncRNA
ENSG00000226679,,38221044,38223680,X,lncRNA
ENSG00000235244,DANT2,115694493,115969214,X,lncRNA
ENSG00000229335,DANT1,115840798,115908066,X,lncRNA
ENSG00000308814,,149363214,149436309,X,lncRNA
ENSG00000287017,,147279481,147363006,X,lncRNA
ENSG00000308827,,149435830,149461688,X,lncRNA
ENSG00000308829,,115968790,115982041,X,lncRNA
ENSG00000308831,,28376458,28425667,X,lncRNA
ENSG00000308839,,68828225,68828844,X,lncRNA
ENSG00000289575,,87723928,87728735,X,lncRNA
ENSG00000224281,SLC25A5-AS1,119465986,119469783,X,lncRNA
ENSG00000308973,,48021824,48027415,X,lncRNA
ENSG00000309030,,84717592,84838747,X,lncRNA
ENSG00000309053,,84714023,84751771,X,lncRNA
ENSG00000230844,ZNF674-AS1,46545438,46564575,X,lncRNA
ENSG00000309096,,15940557,15948182,X,lncRNA
ENSG00000309214,,53440432,53502744,X,lncRNA
ENSG00000309327,,25019930,25138510,X,lncRNA
ENSG00000309342,,25017278,25021468,X,lncRNA
ENSG00000291040,CD99P1,2608406,2666596,X,lncRNA
ENSG00000235703,EOLA2-DT,149938613,150224580,X,lncRNA
ENSG00000289596,,13044695,13156774,X,lncRNA
ENSG00000289007,LINC03112,2566022,2609292,X,lncRNA
ENSG00000309436,,29454808,29478717,X,lncRNA
ENSG00000309443,,13143440,13251349,X,lncRNA
ENSG00000309444,,24969516,25003349,X,lncRNA
ENSG00000309448,,2583664,2606031,X,lncRNA
ENSG00000309459,,13238939,13289754,X,lncRNA
ENSG00000309462,,44195121,44197717,X,lncRNA
ENSG00000235385,LINC02154,13266032,13308637,X,lncRNA
ENSG00000309495,,13291279,13309927,X,lncRNA
ENSG00000287215,,52195836,52266130,X,lncRNA
ENSG00000309508,,115722442,115725254,X,lncRNA
ENSG00000289959,,13089740,13091298,X,lncRNA
ENSG00000309530,,115721884,115723542,X,lncRNA
ENSG00000309531,,52261928,52262998,X,lncRNA
ENSG00000230159,,116692476,116818093,X,lncRNA
ENSG00000288098,,141934496,142740581,X,lncRNA
ENSG00000225235,INTS6L-AS1,135519878,135521688,X,lncRNA
ENSG00000309605,,131817055,131836730,X,lncRNA
ENSG00000309646,,134932230,134947262,X,lncRNA
ENSG00000309668,,10155692,10156915,X,lncRNA
ENSG00000309709,,27856380,27857500,X,lncRNA
ENSG00000309710,,17713822,17737120,X,lncRNA
ENSG00000309711,,153175215,153179240,X,lncRNA
ENSG00000309836,,107711279,107712051,X,lncRNA
ENSG00000287024,,129675884,129678476,X,lncRNA
ENSG00000309870,,76114294,76152796,X,lncRNA
ENSG00000225882,LINC01456,17884619,18104791,X,lncRNA
ENSG00000309885,,76145498,76150807,X,lncRNA
ENSG00000309899,,18104290,18123540,X,lncRNA
ENSG00000309957,,126165976,126174336,X,lncRNA
ENSG00000310029,,153041417,153056805,X,lncRNA
ENSG00000290955,,36678678,36985693,X,lncRNA
ENSG00000236064,,107857364,107936596,X,lncRNA
ENSG00000283380,,20769718,21374265,X,lncRNA
ENSG00000310220,,69363114,69380329,X,lncRNA
ENSG00000310232,,122222350,122248546,X,lncRNA
ENSG00000310248,,72239163,72240191,X,lncRNA
ENSG00000310315,,31564024,31581013,X,lncRNA
ENSG00000310384,,134186913,134188735,X,lncRNA
ENSG00000310447,,82118976,82125243,X,lncRNA
ENSG00000310460,,102372176,102380548,X,lncRNA
ENSG00000304599,,155952118,155959322,X,lncRNA
ENSG00000185203,WASIR1,156014615,156016885,X,lncRNA
ENSG00000295939,,70928030,70947036,X,lncRNA
ENSG00000297794,,71016530,71018073,X,lncRNA
ENSG00000184481,FOXO4,71095851,71103535,X,protein_coding
ENSG00000228427,,71122433,71198507,X,lncRNA
ENSG00000309562,,51629445,51655198,X,lncRNA
ENSG00000303774,,51857623,51867517,X,lncRNA
ENSG00000279750,,52053176,52055763,X,lncRNA
ENSG00000287767,,51325488,51330684,X,lncRNA
ENSG00000122824,NUDT10,51332231,51337525,X,protein_coding
ENSG00000226530,,51395901,51465839,X,lncRNA
ENSG00000187690,EZHIP,51406948,51408843,X,protein_coding
ENSG00000196368,NUDT11,51490011,51496592,X,protein_coding
ENSG00000234766,LINC01496,51498490,51511203,X,lncRNA
ENSG00000224109,CENPVL3,51617020,51618912,X,protein_coding
ENSG00000283093,CENPVL2,51681212,51682831,X,protein_coding
ENSG00000223591,CENPVL1,51710512,51712131,X,protein_coding
ENSG00000228827,,51903338,51903850,X,unprocessed_pseudogene
ENSG00000232951,IPO7P1,51921864,51922499,X,processed_pseudogene
ENSG00000237528,UQCR10P1,51923552,51923740,X,processed_pseudogene
ENSG00000297378,,48736738,48738194,X,lncRNA
ENSG00000297362,,48742164,48744628,X,lncRNA
ENSG00000293263,,48775644,48776143,X,lncRNA
ENSG00000299133,,48835668,48854130,X,lncRNA
ENSG00000303123,,48919185,48922681,X,lncRNA
ENSG00000302089,,49043819,49044332,X,lncRNA
ENSG00000294702,,49077637,49078852,X,lncRNA
ENSG00000307899,,49155990,49156315,X,lncRNA
ENSG00000185638,FTH1P14,34147036,34147586,X,transcribed_processed_pseudogene
ENSG00000295695,,34147011,34148351,X,lncRNA
ENSG00000197582,GPX1P1,13378735,13379340,X,transcribed_processed_pseudogene
ENSG00000294850,,13377590,13379156,X,lncRNA
ENSG00000224556,,52422069,52459066,X,transcribed_unprocessed_pseudogene
ENSG00000299603,,52458894,52462734,X,lncRNA
ENSG00000226199,,27832175,27833204,X,transcribed_processed_pseudogene
ENSG00000304658,,27830161,27833628,X,lncRNA
ENSG00000214745,GOT2P6,55961208,55962482,X,transcribed_processed_pseudogene
ENSG00000227486,,55908037,56209271,X,lncRNA
ENSG00000215105,TTC3P1,75740831,75746911,X,transcribed_processed_pseudogene
ENSG00000294822,,75739298,75747100,X,lncRNA
ENSG00000229594,,55633031,55635656,X,transcribed_unprocessed_pseudogene
ENSG00000302661,,55607941,55636272,X,lncRNA
ENSG00000224523,,81408938,81427276,X,transcribed_unprocessed_pseudogene
ENSG00000296721,,81361983,81425503,X,lncRNA
ENSG00000237748,UQCRBP1,56737242,56737577,X,transcribed_processed_pseudogene
ENSG00000295420,,56737122,56738788,X,lncRNA
ENSG00000277883,NLRP3P1,107974078,107985008,X,transcribed_unprocessed_pseudogene
ENSG00000310118,,107935410,107986039,X,lncRNA
ENSG00000235730,OR2AF1P,131619013,131619951,X,transcribed_unprocessed_pseudogene
ENSG00000286060,,131578670,131620606,X,lncRNA
ENSG00000227881,ASS1P5,115664895,115666133,X,transcribed_processed_pseudogene
ENSG00000295594,,115665421,115684257,X,lncRNA
ENSG00000241418,MCRIP2P1,131795657,131796167,X,transcribed_processed_pseudogene
ENSG00000213468,FIRRE,131688779,131830928,X,lncRNA
ENSG00000225660,,146955075,146955209,X,transcribed_processed_pseudogene
ENSG00000289591,,146854315,146984307,X,lncRNA
ENSG00000235636,NUS1P1,47512602,47513483,X,transcribed_processed_pseudogene
ENSG00000213706,RHOG2P,71352418,71352988,X,transcribed_processed_pseudogene
ENSG00000302492,,71350181,71361695,X,lncRNA
ENSG00000295135,,156021996,156029114,X,lncRNA
ENSG00000277008,TEX28P2,154159357,154176349,X,transcribed_unprocessed_pseudogene
ENSG00000295383,,154159207,154180148,X,lncRNA
ENSG00000227058,,52545151,52547695,X,transcribed_unprocessed_pseudogene
ENSG00000228771,,52583989,52586312,X,transcribed_unprocessed_pseudogene
ENSG00000301181,,52543858,52589051,X,lncRNA
ENSG00000229885,,52801400,52801529,X,transcribed_processed_pseudogene
ENSG00000299008,,52799354,52801504,X,lncRNA
ENSG00000196395,,52824269,52829267,X,transcribed_unprocessed_pseudogene
ENSG00000308600,,52823793,52827232,X,lncRNA
ENSG00000235350,,48433201,48441619,X,transcribed_unprocessed_pseudogene
ENSG00000296579,,48433449,48442980,X,lncRNA
ENSG00000227536,SOCS5P4,71043214,71045470,X,transcribed_processed_pseudogene
ENSG00000297775,,71044860,71053360,X,lncRNA
ENSG00000225125,RANP4,136807223,136807877,X,transcribed_processed_pseudogene
ENSG00000180284,CNEP1R1P1,103651735,103652106,X,transcribed_processed_pseudogene
ENSG00000297314,,103650394,103674777,X,lncRNA
ENSG00000232813,S100A11P6,48274904,48275047,X,transcribed_processed_pseudogene
ENSG00000308268,,48274490,48279021,X,lncRNA
ENSG00000241207,SSX18P,48276704,48277578,X,transcribed_unprocessed_pseudogene
ENSG00000223819,PPIAP89,100800303,100800784,X,transcribed_processed_pseudogene
ENSG00000275320,,100815865,100817174,X,transcribed_processed_pseudogene
ENSG00000299744,,100791540,100820284,X,lncRNA
ENSG00000275882,IKBKGP1,154639978,154648275,X,transcribed_unprocessed_pseudogene
ENSG00000306316,,154639391,154648131,X,lncRNA
ENSG00000226141,,154654546,154655325,X,transcribed_unprocessed_pseudogene
ENSG00000306286,,154619409,154655372,X,lncRNA
ENSG00000280116,,49155242,49157351,X,transcribed_unprocessed_pseudogene
ENSG00000289245,,49127482,49156324,X,lncRNA
ENSG00000233984,RPSAP14,74031462,74031820,X,transcribed_processed_pseudogene
ENSG00000234969,AARSD1P1,74069276,74070832,X,transcribed_processed_pseudogene
ENSG00000225470,JPX,73943934,74070423,X,lncRNA
ENSG00000223753,,101683780,101684449,X,transcribed_processed_pseudogene
ENSG00000302652,,101658729,101735096,X,lncRNA
ENSG00000231725,VN1R110P,48636165,48637135,X,transcribed_processed_pseudogene
ENSG00000297322,,48617850,48663568,X,lncRNA
ENSG00000243048,FTHL18P,37043023,37043571,X,transcribed_unprocessed_pseudogene
ENSG00000300194,FTHL18P,37042871,37043792,X,lncRNA
ENSG00000214992,AKAP17BP,119249346,119257667,X,transcribed_unprocessed_pseudogene
ENSG00000298573,,119250776,119273776,X,lncRNA
ENSG00000230376,MEMO1P4,123765301,123765686,X,transcribed_processed_pseudogene
ENSG00000306843,,123765228,123777658,X,lncRNA
ENSG00000282850,RHOXF1P2,119999454,120000088,X,transcribed_unprocessed_pseudogene
ENSG00000291200,,119978713,120025138,X,lncRNA
ENSG00000237757,EEF1A1P30,120210461,120212680,X,transcribed_processed_pseudogene
ENSG00000307893,,120211533,120228600,X,lncRNA
ENSG00000283178,,71869763,71873295,X,transcribed_unprocessed_pseudogene
ENSG00000309173,,71869510,71877172,X,lncRNA
ENSG00000235946,H2BW3P,104062101,104062988,X,transcribed_unprocessed_pseudogene
ENSG00000174028,FAM3C2P,23075758,23076767,X,transcribed_processed_pseudogene
ENSG00000295221,,23075585,23076094,X,lncRNA
ENSG00000238190,HMGB1P15,50931114,50931548,X,transcribed_processed_pseudogene
ENSG00000295312,,50930820,51024288,X,lncRNA
ENSG00000238049,,103347462,103347729,X,transcribed_processed_pseudogene
ENSG00000301123,,103346954,103356998,X,lncRNA
ENSG00000233535,,13955166,13975171,X,lncRNA
ENSG00000241607,FTH1P28,37441523,37442068,X,unprocessed_pseudogene
ENSG00000296003,,37454909,37460970,X,lncRNA
ENSG00000219186,FTH1P19,37492021,37492548,X,transcribed_processed_pseudogene
ENSG00000234355,FTH1P27,37505310,37505860,X,unprocessed_pseudogene
ENSG00000174678,FAM47DP,37541077,37545262,X,processed_pseudogene
ENSG00000147036,LANCL3,37571569,37684463,X,protein_coding
ENSG00000299600,,37572544,37621546,X,lncRNA
ENSG00000299613,,37675252,37686170,X,lncRNA
ENSG00000285944,H2AL1MP,37700005,37700277,X,unprocessed_pseudogene
ENSG00000226310,,57121554,57224805,X,lncRNA
ENSG00000306463,,57640788,57654619,X,lncRNA
ENSG00000234636,MED14OS,40735385,40738897,X,lncRNA
ENSG00000270791,DPRXP6,40758483,40759050,X,processed_pseudogene
ENSG00000214031,CLDN7P1,40760104,40761270,X,processed_pseudogene
ENSG00000300328,,40814052,40845372,X,lncRNA
ENSG00000237661,TNIP2P1,40831844,40832562,X,processed_pseudogene
ENSG00000300293,,40834445,40934085,X,protein_coding
ENSG00000300310,,40851583,40929246,X,lncRNA
ENSG00000302990,,41048201,41052477,X,lncRNA
ENSG00000307885,,41083667,41084664,X,lncRNA
ENSG00000300154,,41084823,41085312,X,lncRNA
ENSG00000310562,,45730995,45732455,X,protein_coding
ENSG00000270069,MIR222HG,45745210,45851873,X,lncRNA
ENSG00000207870,MIR221,45746157,45746266,X,miRNA
ENSG00000207725,MIR222,45747015,45747124,X,miRNA
ENSG00000269902,,45764772,45765299,X,lncRNA
ENSG00000301662,,45773042,45788774,X,lncRNA
ENSG00000301702,,45806887,45807372,X,lncRNA
ENSG00000301642,,45850731,45886098,X,lncRNA
ENSG00000301687,,45851671,45852559,X,lncRNA
ENSG00000212347,,45892912,45892979,X,snoRNA
ENSG00000215286,SRSF6P1,45913118,45913871,X,processed_pseudogene
ENSG00000234613,,45913267,45917040,X,lncRNA
ENSG00000229693,SKP2P1,96620654,96621903,X,processed_pseudogene
ENSG00000147202,DIAPH2,96684712,97604997,X,protein_coding
ENSG00000207426,Y_RNA,96701507,96701619,X,misc_RNA
ENSG00000204086,RPA4,96883908,96885467,X,protein_coding
ENSG00000214628,NDUFB5P2,96953630,96954195,X,processed_pseudogene
ENSG00000277900,Metazoa_SRP,97081674,97081956,X,misc_RNA
ENSG00000265260,RN7SL74P,97341046,97341344,X,misc_RNA
ENSG00000236256,DIAPH2-AS1,97431286,97642589,X,lncRNA
ENSG00000229807,XIST,73820649,73852714,X,lncRNA
ENSG00000290811,NXF4,102546891,102571695,X,lncRNA
ENSG00000271147,,102599512,102714671,X,lncRNA
ENSG00000270050,,102599652,102659913,X,lncRNA
ENSG00000286327,,102659975,102692230,X,lncRNA
ENSG00000301692,,102710764,102712801,X,lncRNA
ENSG00000286237,ARMCX5-GPRASP2,102712495,102753530,X,protein_coding
ENSG00000223546,LINC00630,102720701,102997186,X,lncRNA
ENSG00000102128,RAB40AL,102937272,102938300,X,protein_coding
ENSG00000234050,,102937770,102940561,X,lncRNA
ENSG00000286846,,102945971,102952039,X,lncRNA
ENSG00000224632,NUDT19P2,103007461,103008072,X,processed_pseudogene
ENSG00000289864,,119605717,119607566,X,lncRNA
ENSG00000186416,NKRF,119588337,119606443,X,protein_coding
ENSG00000230668,,140681098,140714009,X,lncRNA
ENSG00000203930,LINC00632,140709562,140793215,X,lncRNA
ENSG00000212747,RTL8B,135020513,135022542,X,protein_coding
ENSG00000134590,RTL8C,135032355,135033546,X,protein_coding
ENSG00000203950,RTL8A,135050932,135052196,X,protein_coding
ENSG00000133136,GNG5B,110346103,110440372,X,protein_coding
ENSG00000231765,PPP1R11P2,57229034,57229415,X,processed_pseudogene
ENSG00000231831,MTHFD1P1,57392646,57395409,X,processed_pseudogene
ENSG00000198455,ZXDB,57592011,57597477,X,protein_coding
ENSG00000215174,NLRP2B,57677067,57680260,X,protein_coding
ENSG00000227427,MDH1P1,57766320,57767292,X,processed_pseudogene
ENSG00000198205,ZXDA,57905430,57910458,X,protein_coding
ENSG00000228004,MYCLP2,57933837,57934803,X,processed_pseudogene
ENSG00000235124,KRT8P17,57984686,57986133,X,processed_pseudogene
ENSG00000165509,MAGEC3,141838316,141897832,X,protein_coding
ENSG00000155495,MAGEC1,141903894,141909374,X,protein_coding
ENSG00000293661,,135248590,135252011,X,protein_coding
ENSG00000283644,ETDC,135271717,135309803,X,protein_coding
ENSG00000293662,,135305788,135306402,X,protein_coding
ENSG00000284994,,135327478,135330746,X,lncRNA
ENSG00000310578,,135330476,135330703,X,transcribed_unitary_pseudogene
ENSG00000290806,,135371672,135397765,X,lncRNA
ENSG00000146950,SHROOM2,9786429,9949443,X,protein_coding
ENSG00000310579,,9786429,9968352,X,protein_coding
ENSG00000295228,,9885503,9891196,X,lncRNA
ENSG00000304844,,9892464,9895541,X,lncRNA
ENSG00000234469,CLDN34,9961424,9968352,X,protein_coding
ENSG00000225076,WWC3-AS1,10024842,10038654,X,lncRNA
ENSG00000307968,,10039536,10045784,X,lncRNA
ENSG00000221716,SNORA11,54814370,54814497,X,snoRNA
ENSG00000308010,,54841560,54888114,X,lncRNA
ENSG00000293307,UBE2DNL,84934095,84934900,X,lncRNA
ENSG00000184788,SATL1,85092284,85243911,X,protein_coding
ENSG00000235461,,85204066,85220021,X,lncRNA
ENSG00000183479,TREX2,153444473,153470587,X,protein_coding
ENSG00000303014,,153475458,153477602,X,lncRNA
ENSG00000293443,,153485856,153487088,X,lncRNA
ENSG00000293160,,153599313,153613937,X,lncRNA
ENSG00000293994,,153623568,153625196,X,lncRNA
ENSG00000297294,,153631966,153644991,X,lncRNA
ENSG00000308807,,153705541,153712451,X,lncRNA
ENSG00000232725,PLXNB3-AS1,153735626,153766488,X,lncRNA
ENSG00000301549,,153841083,153847052,X,lncRNA
ENSG00000273769,L1CAM-AS1,153879166,153888990,X,lncRNA
ENSG00000302519,,153910686,153914409,X,lncRNA
ENSG00000296456,,153925587,153926181,X,lncRNA
ENSG00000302856,,153928599,153929133,X,lncRNA
ENSG00000235802,HCFC1-AS1,153968886,153970087,X,lncRNA
ENSG00000310586,,153776412,153785728,X,lncRNA
ENSG00000310048,,106157209,106159887,X,lncRNA
ENSG00000300518,,106465246,106469746,X,lncRNA
ENSG00000256709,CSGALNACT2P2,106327534,106327824,X,processed_pseudogene
ENSG00000202407,Y_RNA,106426568,106426669,X,misc_RNA
ENSG00000224816,NAP1L4P2,106466542,106467440,X,transcribed_processed_pseudogene
ENSG00000227657,SERPINA7P1,106562774,106563404,X,unprocessed_pseudogene
ENSG00000277673,,106566021,106566161,X,unprocessed_pseudogene
ENSG00000147231,RADX,106611930,106679439,X,protein_coding
ENSG00000263515,MIR548AN,106639814,106639896,X,miRNA
ENSG00000252320,RNU6-320P,136583240,136583345,X,snRNA
ENSG00000233093,LINC00892,136639531,136642546,X,lncRNA
ENSG00000102245,CD40LG,136648158,136660390,X,protein_coding
ENSG00000212510,RNU6-972P,136773999,136774105,X,snRNA
ENSG00000299000,,136806814,136815823,X,lncRNA
ENSG00000202279,Y_RNA,136816477,136816574,X,misc_RNA
ENSG00000206979,SNORD61,136879199,136879271,X,snoRNA
ENSG00000299029,,136906468,136910356,X,lncRNA
ENSG00000291054,,136909250,137069407,X,lncRNA
ENSG00000299057,,137051744,137052517,X,lncRNA
ENSG00000302412,,137271699,137426919,X,lncRNA
ENSG00000302427,,137433080,137463589,X,lncRNA
ENSG00000234062,TM9SF5P,136958883,137021479,X,transcribed_unitary_pseudogene
ENSG00000214748,,137324972,137325049,X,processed_pseudogene
ENSG00000237584,RAC1P4,137441258,137441836,X,processed_pseudogene
ENSG00000229547,,84934540,84934832,X,transcribed_processed_pseudogene
ENSG00000196741,LINC01560,47483571,47484823,X,lncRNA
ENSG00000310113,,47496932,47513294,X,lncRNA
ENSG00000310131,,47513255,47513998,X,lncRNA
ENSG00000289890,,47555936,47561451,X,lncRNA
ENSG00000300720,,106999590,107003001,X,lncRNA
ENSG00000231144,EEF1A1P40,107032248,107032820,X,processed_pseudogene
ENSG00000294789,,104060515,104063120,X,lncRNA
ENSG00000225366,CRIPTO3,110520312,110523021,X,protein_coding
ENSG00000090776,EFNB1,68828992,68842160,X,protein_coding
ENSG00000065923,SLC9A7,46599251,46759193,X,protein_coding
ENSG00000076770,MBNL3,132369320,132489978,X,protein_coding
ENSG00000169083,AR,67543353,67730619,X,protein_coding
ENSG00000171365,CLCN5,49922596,50099235,X,protein_coding
ENSG00000177854,TMEM187,153972754,153983194,X,protein_coding
ENSG00000198759,EGFL6,13569601,13633575,X,protein_coding
ENSG00000130224,LRCH2,115110616,115234096,X,protein_coding
ENSG00000124334,IL9R,155997696,156013017,X,protein_coding
ENSG00000102271,KLHL4,87517409,87670050,X,protein_coding
ENSG00000165169,DYNLT3,37836757,37847571,X,protein_coding
ENSG00000187823,RTL4,112082965,112458566,X,protein_coding
ENSG00000123728,RAP2C,132203024,132219495,X,protein_coding
ENSG00000232593,KANTR,53094142,53170914,X,protein_coding
ENSG00000186462,NAP1L2,73212299,73215239,X,protein_coding
ENSG00000198088,NUP62CL,107123427,107206505,X,protein_coding
ENSG00000133135,RNF128,106693794,106797016,X,protein_coding
ENSG00000171388,APLN,129645259,129654959,X,protein_coding
ENSG00000243279,PRAF2,49071161,49074017,X,protein_coding
ENSG00000157625,TAB3,30827442,30975084,X,protein_coding
ENSG00000124479,NDP,43948772,43973395,X,protein_coding
ENSG00000214827,MTCP1,155064034,155147937,X,protein_coding
ENSG00000018610,STEEP1,119535669,119565409,X,protein_coding
ENSG00000102385,DRP2,101219769,101264502,X,protein_coding
ENSG00000133138,TBC1D8B,106802673,106876150,X,protein_coding
ENSG00000179300,RTL3,78656068,78659532,X,protein_coding
ENSG00000169562,GJB1,71212811,71225519,X,protein_coding
ENSG00000124429,POF1B,85276746,85379755,X,protein_coding
ENSG00000147138,GPR174,79144678,79175318,X,protein_coding
ENSG00000102243,VGLL1,136532154,136556807,X,protein_coding
ENSG00000182518,VCF2,55143102,55161310,X,protein_coding
ENSG00000102032,RENBP,153935269,153944687,X,protein_coding
ENSG00000101856,PGRMC1,119236244,119244468,X,protein_coding
ENSG00000129682,FGF13,138614727,139222777,X,protein_coding
ENSG00000102100,SLC35A2,48903180,48911958,X,protein_coding
ENSG00000147027,TMEM47,34627075,34657285,X,protein_coding
ENSG00000251192,ZNF674,46497725,46545457,X,protein_coding
ENSG00000238269,PAGE2B,55075030,55078909,X,protein_coding
ENSG00000122121,XPNPEP2,129738949,129769547,X,protein_coding
ENSG00000189420,ZFP92,153411434,153426481,X,protein_coding
ENSG00000123572,NRK,105822394,105958611,X,protein_coding
ENSG00000158578,ALAS2,55009055,55030986,X,protein_coding
ENSG00000062096,ARSF,3040235,3112822,X,protein_coding
ENSG00000204382,XAGE1B,52512077,52520803,X,protein_coding
ENSG00000158290,CUL4B,120505920,120604074,X,protein_coding
ENSG00000077713,SLC25A43,119399336,119454478,X,protein_coding
ENSG00000170935,NCBP2L,107774899,107795829,X,protein_coding
ENSG00000147246,HTR2C,114584078,114910061,X,protein_coding
ENSG00000155008,APOOL,85003871,85093315,X,protein_coding
ENSG00000184194,GPR173,53048789,53080615,X,protein_coding
ENSG00000156504,PABIR2,134769566,134797232,X,protein_coding
ENSG00000204272,NBDY,56729219,56819179,X,protein_coding
ENSG00000171657,GPR82,41724181,41730130,X,protein_coding
ENSG00000158352,SHROOM4,50586796,50814302,X,protein_coding
ENSG00000169059,VCX3A,6533618,6535118,X,protein_coding
ENSG00000158571,PFKFB1,54931434,54998534,X,protein_coding
ENSG00000165182,CXorf58,23907807,23939509,X,protein_coding
ENSG00000165376,CLDN2,106900125,106930862,X,protein_coding
ENSG00000078589,P2RY10,78945332,78963727,X,protein_coding
ENSG00000181191,PJA1,69160721,69165521,X,protein_coding
ENSG00000165186,PTCHD1,23334318,23404374,X,protein_coding
ENSG00000102048,ASB9,15235288,15270467,X,protein_coding
ENSG00000147113,DIPK2B,45148373,45200963,X,protein_coding
ENSG00000049768,FOXP3,49250436,49264800,X,protein_coding
ENSG00000015285,WAS,48676593,48691431,X,protein_coding
ENSG00000123561,SERPINA7,106032425,106038778,X,protein_coding
ENSG00000086717,PPEF1,18675909,18827921,X,protein_coding
ENSG00000036473,OTC,38327598,38424632,X,protein_coding
ENSG00000165194,PCDH19,100291644,100410296,X,protein_coding
ENSG00000269313,MAGIX,49162564,49168774,X,protein_coding
ENSG00000131264,CDX4,73447053,73455171,X,protein_coding
ENSG00000072133,RPS6KA6,84058346,84206356,X,protein_coding
ENSG00000204065,TCEAL5,103273689,103276750,X,protein_coding
ENSG00000268606,MAGEA2,152749857,152754145,X,protein_coding
ENSG00000147381,MAGEA4,151912495,151925173,X,protein_coding
ENSG00000181704,YIPF6,68498562,68537282,X,protein_coding
ENSG00000173275,ZNF449,135344199,135363413,X,protein_coding
ENSG00000068323,TFE3,49028726,49043476,X,protein_coding
ENSG00000198910,L1CAM,153861511,153886204,X,protein_coding
ENSG00000131174,COX7B,77895727,77907376,X,protein_coding
ENSG00000188419,CHM,85861180,86047561,X,protein_coding
ENSG00000102309,PIN4,72181353,72302926,X,protein_coding
ENSG00000269226,TMSB15C,104063871,104076236,X,protein_coding
ENSG00000086758,HUWE1,53532096,53686752,X,protein_coding
ENSG00000130055,GDPD2,70423031,70433710,X,protein_coding
ENSG00000130032,PRRG3,151694607,151705924,X,protein_coding
ENSG00000173674,EIF1AX,20124525,20141982,X,protein_coding
ENSG00000165175,MID1IP1,38801417,38806537,X,protein_coding
ENSG00000146938,NLGN4X,5840637,6228867,X,protein_coding
ENSG00000147164,SNX12,71056332,71073426,X,protein_coding
ENSG00000213401,MAGEA12,152733757,152737679,X,protein_coding
ENSG00000102053,ZC3H12B,65034788,65507887,X,protein_coding
ENSG00000147123,NDUFB11,47142071,47145466,X,protein_coding
ENSG00000147174,GCNA,71578437,71613584,X,protein_coding
ENSG00000029993,HMGB3,150980509,150990775,X,protein_coding
ENSG00000180182,MED14,40648305,40735877,X,protein_coding
ENSG00000047634,SCML1,17737115,17754988,X,protein_coding
ENSG00000181544,FANCB,14690388,14873255,X,protein_coding
ENSG00000203952,CCDC160,134237047,134246842,X,protein_coding
ENSG00000180964,TCEAL8,103252863,103255204,X,protein_coding
ENSG00000147400,CETN2,152826994,152830782,X,protein_coding
ENSG00000077721,UBE2A,119474802,119591083,X,protein_coding
ENSG00000169188,APEX2,55000331,55009057,X,protein_coding
ENSG00000196632,WNK3,54192823,54358642,X,protein_coding
ENSG00000186471,AKAP14,119895837,119920720,X,protein_coding
ENSG00000147145,LPAR4,78747680,78758724,X,protein_coding
ENSG00000134597,RBMX2,130401922,130413656,X,protein_coding
ENSG00000156925,ZIC3,137563314,137577691,X,protein_coding
ENSG00000126768,TIMM17B,48893447,48898143,X,protein_coding
ENSG00000102390,PBDC1,76173034,76178755,X,protein_coding
ENSG00000165349,SLC7A3,70925575,70931149,X,protein_coding
ENSG00000183305,MAGEA2B,152714580,152718612,X,protein_coding
ENSG00000268916,CSAG3,152753921,152760222,X,protein_coding
ENSG00000080561,MID2,107825755,107931637,X,protein_coding
ENSG00000011201,ANOS1,8528874,8732195,X,protein_coding
ENSG00000156709,AIFM1,130124666,130165879,X,protein_coding
ENSG00000182508,LHFPL1,112625372,112680180,X,protein_coding
ENSG00000198908,GPRASP3,102720688,102753540,X,protein_coding
ENSG00000126903,SLC10A3,154487306,154490690,X,protein_coding
ENSG00000269586,CT45A10,135879471,135893444,X,protein_coding
ENSG00000169446,MMGT1,135960588,135974029,X,protein_coding
ENSG00000197172,MAGEA6,152766136,152769716,X,protein_coding
ENSG00000274588,DGKK,50365405,50470850,X,protein_coding
ENSG00000158164,TMSB15A,102513674,102516795,X,protein_coding
ENSG00000090889,KIF4A,70290067,70420886,X,protein_coding
ENSG00000177485,ZBTB33,120250752,120259741,X,protein_coding
ENSG00000147257,GPC3,133535745,133987100,X,protein_coding
ENSG00000147162,OGT,71533083,71575892,X,protein_coding
ENSG00000147119,CHST7,46573391,46598496,X,protein_coding
ENSG00000156500,PABIR3,134796389,134854835,X,protein_coding
ENSG00000166707,ZCCHC18,104112060,104115847,X,protein_coding
ENSG00000102098,SCML2,18239307,18355149,X,protein_coding
ENSG00000134602,STK26,132023226,132075948,X,protein_coding
ENSG00000174016,TENT5D,80335504,80445311,X,protein_coding
ENSG00000101901,ALG13,111665811,111760649,X,protein_coding
ENSG00000125356,NDUFA1,119871796,119876689,X,protein_coding
ENSG00000185222,TCEAL9,103356461,103358472,X,protein_coding
ENSG00000101850,GPR143,9724039,9786297,X,protein_coding
ENSG00000214107,MAGEB1,30243715,30252041,X,protein_coding
ENSG00000168939,SPRY3,155612298,155782459,X,protein_coding
ENSG00000056277,ZNF280C,130202707,130268899,X,protein_coding
ENSG00000067992,PDK3,24465244,24550466,X,protein_coding
ENSG00000102030,NAA10,153929225,153935080,X,protein_coding
ENSG00000172943,PHF8,53936676,54048958,X,protein_coding
ENSG00000198930,CSAG1,152727484,152733736,X,protein_coding
ENSG00000147059,SPIN2A,57134530,57137679,X,protein_coding
ENSG00000123131,PRDX4,23664262,23686399,X,protein_coding
ENSG00000205542,TMSB4X,12975107,12977227,X,protein_coding
ENSG00000006757,PNPLA4,7898247,7927739,X,protein_coding
ENSG00000236362,GAGE12F,49551278,49568218,X,protein_coding
ENSG00000125676,THOC2,123600561,123733056,X,protein_coding
ENSG00000160131,VMA21,151396515,151409364,X,protein_coding
ENSG00000274274,GAGE13,49331582,49338949,X,protein_coding
ENSG00000011677,GABRA3,152166234,152451425,X,protein_coding
ENSG00000077274,CAPN6,111245099,111270483,X,protein_coding
ENSG00000179363,TMEM31,103710909,103714036,X,protein_coding
ENSG00000067840,PDZD4,153802166,153830930,X,protein_coding
ENSG00000241343,RPL36A,101390824,101396155,X,protein_coding
ENSG00000102119,EMD,154379244,154381574,X,protein_coding
ENSG00000102384,CENPI,101098167,101166126,X,protein_coding
ENSG00000221867,MAGEA3,152698767,152702347,X,protein_coding
ENSG00000102302,FGD1,54445454,54496234,X,protein_coding
ENSG00000012174,MBTPS2,21839610,21885423,X,protein_coding
ENSG00000237671,GAGE12C,49532177,49539539,X,protein_coding
ENSG00000130150,MOSPD2,14873421,14922327,X,protein_coding
ENSG00000214717,ZBED1,2486414,2502862,X,protein_coding
ENSG00000102007,PLP2,49171787,49175235,X,protein_coding
ENSG00000126012,KDM5C,53176277,53225422,X,protein_coding
ENSG00000102057,KCND1,48960982,48971866,X,protein_coding
ENSG00000166681,BEX3,103376299,103378301,X,protein_coding
ENSG00000126756,UXT,47651792,47659187,X,protein_coding
ENSG00000179083,FAM133A,93673181,93712274,X,protein_coding
ENSG00000167393,PPP2R3B,333933,386955,X,protein_coding
ENSG00000147130,ZMYM3,71239617,71255269,X,protein_coding
ENSG00000183337,BCOR,40049815,40177329,X,protein_coding
ENSG00000184634,MED12,71118543,71144103,X,protein_coding
ENSG00000232119,MCTS1,120594010,120621159,X,protein_coding
ENSG00000188937,NYX,41445383,41475710,X,protein_coding
ENSG00000213397,HAUS7,153447655,153495516,X,protein_coding
ENSG00000189064,GAGE2A,49589496,49596827,X,protein_coding
ENSG00000130829,DUSP9,153642401,153651326,X,protein_coding
ENSG00000174460,ZCCHC12,118823824,118826968,X,protein_coding
ENSG00000147378,FATE1,151714192,151723194,X,protein_coding
ENSG00000126953,TIMM8A,101345652,101349001,X,protein_coding
ENSG00000125931,CITED1,72301638,72309652,X,protein_coding
ENSG00000005022,SLC25A5,119468395,119471396,X,protein_coding
ENSG00000091482,SMPX,21705978,21758176,X,protein_coding
ENSG00000068354,TBC1D25,48539684,48562609,X,protein_coding
ENSG00000063601,MTMR1,150692971,150765165,X,protein_coding
ENSG00000196459,TRAPPC2,13712244,13734635,X,protein_coding
ENSG00000004961,HCCS,11111299,11123086,X,protein_coding
ENSG00000086712,TXLNG,16786432,16844519,X,protein_coding
ENSG00000186376,ZNF75D,135248590,135344113,X,protein_coding
ENSG00000147121,KRBOX4,46447255,46497422,X,protein_coding
ENSG00000169891,REPS2,16946658,17153272,X,protein_coding
ENSG00000124333,VAMP7,155881227,155943769,X,protein_coding
ENSG00000102362,SYTL4,100671783,100732151,X,protein_coding
ENSG00000049769,PPP1R3F,49269793,49301461,X,protein_coding
ENSG00000172476,RAB40A,103496541,103526752,X,protein_coding
ENSG00000165775,FUNDC2,155025980,155060304,X,protein_coding
ENSG00000198932,GPRASP1,102650345,102659083,X,protein_coding
ENSG00000102010,BMX,15464246,15556529,X,protein_coding
ENSG00000126945,HNRNPH2,101408114,101414137,X,protein_coding
ENSG00000102081,FMR1,147911858,147951125,X,protein_coding
ENSG00000131269,ABCB7,75051048,75156732,X,protein_coding
ENSG00000147394,ZNF185,152896695,152973511,X,protein_coding
ENSG00000147065,MSN,65588377,65741936,X,protein_coding
ENSG00000131089,ARHGEF9,63634967,63809274,X,protein_coding
ENSG00000198753,PLXNB3,153764186,153779346,X,protein_coding
ENSG00000089289,IGBP1,70133345,70166324,X,protein_coding
ENSG00000179222,MAGED1,51803007,51902357,X,protein_coding
ENSG00000188917,TRMT2B,101009346,101052135,X,protein_coding
ENSG00000160219,GAB3,154675249,154751583,X,protein_coding
ENSG00000067842,ATP2B3,153517637,153582939,X,protein_coding
ENSG00000184216,IRAK1,154010504,154019927,X,protein_coding
ENSG00000131080,EDA2R,66594384,66639298,X,protein_coding
ENSG00000269743,SLC25A53,104099214,104157009,X,protein_coding
ENSG00000101938,CHRDL1,110673856,110796192,X,protein_coding
ENSG00000102158,MAGT1,77825747,77899271,X,protein_coding
ENSG00000078596,ITM2A,79360384,79367697,X,protein_coding
ENSG00000182287,AP1S2,15825806,15854931,X,protein_coding
ENSG00000198034,RPS4X,72255679,72277312,X,protein_coding
ENSG00000102316,MAGED2,54807599,54816015,X,protein_coding
ENSG00000158427,TMSB15B,103918896,103966712,X,protein_coding
ENSG00000071859,FAM50A,154444103,154450654,X,protein_coding
ENSG00000184905,TCEAL2,102125130,102140426,X,protein_coding
ENSG00000010671,BTK,101349338,101390796,X,protein_coding
ENSG00000047230,CTPS2,16587950,16712976,X,protein_coding
ENSG00000101972,STAG2,123960212,124422664,X,protein_coding
ENSG00000198814,GK,30653359,30731462,X,protein_coding
ENSG00000158301,GPRASP2,102712056,102717733,X,protein_coding
ENSG00000071553,ATP6AP1,154428618,154436517,X,protein_coding
ENSG00000147133,TAF1,71366131,71532374,X,protein_coding
ENSG00000129680,MAP7D3,136213220,136256482,X,protein_coding
ENSG00000123130,ACOT9,23699396,23766475,X,protein_coding
ENSG00000179304,FAM156B,52891306,52908560,X,protein_coding
ENSG00000133134,BEX2,103309345,103311298,X,protein_coding
ENSG00000184515,BEX5,102153464,102156017,X,protein_coding
ENSG00000077264,PAK3,110944285,111227361,X,protein_coding
ENSG00000087842,PIR,15384799,15493635,X,protein_coding
ENSG00000068400,GRIPAP1,48973719,49002265,X,protein_coding
ENSG00000101843,PSMD10,108084202,108091619,X,protein_coding
ENSG00000165359,INTS6L,135520622,135582534,X,protein_coding
ENSG00000073464,CLCN4,10156943,10237660,X,protein_coding
ENSG00000010404,IDS,149476988,149521096,X,protein_coding
ENSG00000180815,MAP3K15,19360056,19515508,X,protein_coding
ENSG00000131725,WDR44,118345968,118450285,X,protein_coding
ENSG00000131828,PDHA1,19343893,19361718,X,protein_coding
ENSG00000072501,SMC1A,53374149,53422728,X,protein_coding
ENSG00000125962,ARMCX5,102599168,102604159,X,protein_coding
ENSG00000158423,RIBC1,53421951,53431624,X,protein_coding
ENSG00000186787,SPIN2B,57118551,57121840,X,protein_coding
ENSG00000101811,CSTF2,100820369,100841523,X,protein_coding
ENSG00000072506,HSD17B10,53431258,53434371,X,protein_coding
ENSG00000169239,CA5B,15688830,15788411,X,protein_coding
ENSG00000125354,SEPTIN6,119615724,119693949,X,protein_coding
ENSG00000165197,VEGFD,15345594,15384509,X,protein_coding
ENSG00000147403,RPL10,154389955,154409168,X,protein_coding
ENSG00000155962,CLIC2,155276211,155334673,X,protein_coding
ENSG00000188153,COL4A5,108439745,108697547,X,protein_coding
ENSG00000005889,ZFX,24148976,24216255,X,protein_coding
ENSG00000171100,MTM1,150568417,150673143,X,protein_coding
ENSG00000122126,OCRL,129539849,129592561,X,protein_coding
ENSG00000198918,RPL39,119786497,119791662,X,protein_coding
ENSG00000156298,TSPAN7,38561498,38689249,X,protein_coding
ENSG00000125355,TMEM255A,120258650,120311556,X,protein_coding
ENSG00000130119,GNL3L,54529900,54621565,X,protein_coding
ENSG00000101940,WDR13,48589838,48608869,X,protein_coding
ENSG00000102218,RP2,46836928,46889240,X,protein_coding
ENSG00000082458,DLG3,70444835,70505490,X,protein_coding
ENSG00000079482,OPHN1,67949349,68434120,X,protein_coding
ENSG00000147160,AWAT2,70040542,70049988,X,protein_coding
ENSG00000069509,FUNDC1,44523639,44542972,X,protein_coding
ENSG00000267978,MAGEA9B,149581653,149587459,X,protein_coding
ENSG00000102038,SMARCA1,129446501,129523947,X,protein_coding
ENSG00000007952,NOX1,100843324,100874464,X,protein_coding
ENSG00000170965,PLAC1,134565837,134764355,X,protein_coding
ENSG00000008056,SYN1,47571901,47619858,X,protein_coding
ENSG00000157514,TSC22D3,107713221,107777342,X,protein_coding
ENSG00000165259,HDX,84317874,84502496,X,protein_coding
ENSG00000221994,ZNF630,47983356,48071893,X,protein_coding
ENSG00000078061,ARAF,47561182,47571921,X,protein_coding
ENSG00000068438,FTSJ1,48476021,48486364,X,protein_coding
ENSG00000102265,TIMP1,47582408,47586789,X,protein_coding
ENSG00000102144,PGK1,77910739,78129295,X,protein_coding
ENSG00000125351,UPF3B,119833808,119853083,X,protein_coding
ENSG00000068308,OTUD5,48922024,48958386,X,protein_coding
ENSG00000101966,XIAP,123859693,123913972,X,protein_coding
ENSG00000123560,PLP1,103769047,103792677,X,protein_coding
ENSG00000101844,ATG4A,108091668,108154671,X,protein_coding
ENSG00000165675,ENOX2,130622325,130903272,X,protein_coding
ENSG00000102317,RBM3,48574056,48581162,X,protein_coding
ENSG00000131831,RAI2,17799788,17861337,X,protein_coding
ENSG00000094631,HDAC6,48801377,48824986,X,protein_coding
ENSG00000262919,CCNQ,153587925,153600045,X,protein_coding
ENSG00000005893,LAMP2,120426148,120469365,X,protein_coding
ENSG00000173681,BCLAF3,19912860,19991097,X,protein_coding
ENSG00000126759,CFP,47621537,47630305,X,protein_coding
ENSG00000003096,KLHL13,117897794,118117340,X,protein_coding
ENSG00000177189,RPS6KA3,20149911,20267519,X,protein_coding
ENSG00000022267,FHL1,136146702,136211359,X,protein_coding
ENSG00000076716,GPC4,133300103,133416214,X,protein_coding
ENSG00000183943,PRKX,3604340,3713649,X,protein_coding
ENSG00000068366,ACSL4,109624244,109733403,X,protein_coding
ENSG00000130826,DKC1,154762742,154777697,X,protein_coding
ENSG00000198960,ARMCX6,101615118,101618003,X,protein_coding
ENSG00000154545,MAGED4,52184767,52192268,X,protein_coding
ENSG00000133169,BEX1,103062645,103064342,X,protein_coding
ENSG00000147003,CLTRN,15627085,15675377,X,protein_coding
ENSG00000197021,EOLA2,149929527,149938831,X,protein_coding
ENSG00000196998,WDR45,49074433,49101203,X,protein_coding
ENSG00000130234,ACE2,15494566,15607236,X,protein_coding
ENSG00000130985,UBA1,47190713,47215173,X,protein_coding
ENSG00000196507,TCEAL3,103607451,103629690,X,protein_coding
ENSG00000102181,CD99L2,150766336,150898816,X,protein_coding
ENSG00000044446,PHKA2,18892298,18984988,X,protein_coding
ENSG00000147274,RBMX,136848004,136880764,X,protein_coding
ENSG00000006756,ARSD,2903972,2929405,X,protein_coding
ENSG00000173198,CYSLTR1,78271468,78327691,X,protein_coding
ENSG00000123595,RAB9A,13689122,13710504,X,protein_coding
ENSG00000101892,ATP1B4,120362085,120383249,X,protein_coding
ENSG00000130827,PLXNA3,154458280,154477779,X,protein_coding
ENSG00000130822,PNCK,153669730,153689033,X,protein_coding
ENSG00000130830,MPP1,154778684,154821039,X,protein_coding
ENSG00000130988,RGN,47078190,47094419,X,protein_coding
ENSG00000129675,ARHGEF6,136665547,136781688,X,protein_coding
ENSG00000130821,SLC6A8,153687926,153696591,X,protein_coding
ENSG00000120280,TASL,30557707,30577766,X,protein_coding
ENSG00000017483,SLC38A5,48458537,48470554,X,protein_coding
ENSG00000102172,SMS,21940709,21994837,X,protein_coding
ENSG00000101945,SUV39H1,48695554,48709016,X,protein_coding
ENSG00000101883,RHOXF1,120109050,120245267,X,protein_coding
ENSG00000147044,CASK,41514934,41923660,X,protein_coding
ENSG00000156531,PHF6,134373286,134428792,X,protein_coding
ENSG00000171659,GPR34,41688973,41698371,X,protein_coding
ENSG00000089472,HEPH,66162483,66268910,X,protein_coding
ENSG00000156697,UTP14A,129906121,129929761,X,protein_coding
ENSG00000268350,FAM156A,52926402,52995564,X,protein_coding
ENSG00000157600,TMEM164,110002631,110184260,X,protein_coding
ENSG00000101888,NXT2,109535781,109544698,X,protein_coding
ENSG00000196338,NLGN3,71143286,71175255,X,protein_coding
ENSG00000123575,FAM199X,104166453,104195902,X,protein_coding
ENSG00000002586,CD99,2690988,2741312,X,protein_coding
ENSG00000123496,IL13RA2,115003975,115019977,X,protein_coding
ENSG00000056998,GYG2,2828571,2890109,X,protein_coding
ENSG00000102034,ELF4,130063955,130110904,X,protein_coding
ENSG00000182378,PLCXD1,276322,303358,X,protein_coding
ENSG00000067829,IDH3G,153785735,153794535,X,protein_coding
ENSG00000147099,HDAC8,72329516,72573101,X,protein_coding
ENSG00000184343,SRPK3,153781001,153785768,X,protein_coding
ENSG00000067177,PHKA1,72578814,72714327,X,protein_coding
ENSG00000131263,RLIM,74582976,74614627,X,protein_coding
ENSG00000071889,FAM3A,154506159,154516882,X,protein_coding
ENSG00000102241,HTATSF1,136496932,136513181,X,protein_coding
ENSG00000215301,DDX3X,41333348,41364472,X,protein_coding
ENSG00000247746,USP51,55484616,55489874,X,protein_coding
ENSG00000083750,RRAGB,55717743,55758774,X,protein_coding
ENSG00000147140,NONO,71254270,71301522,X,protein_coding
ENSG00000130962,PRRG1,37349309,37492702,X,protein_coding
ENSG00000101928,MOSPD1,134887613,134915470,X,protein_coding
ENSG00000102349,KLF8,56232356,56291531,X,protein_coding
ENSG00000126895,AVPR2,153902531,153907166,X,protein_coding
ENSG00000101997,CCDC22,49235444,49250526,X,protein_coding
ENSG00000172534,HCFC1,153946434,153972427,X,protein_coding
ENSG00000012211,PRICKLE3,49174802,49186528,X,protein_coding
ENSG00000182162,P2RY8,1462572,1537187,X,protein_coding
ENSG00000102401,ARMCX3,101622797,101627843,X,protein_coding
ENSG00000133142,TCEAL4,103576231,103590165,X,protein_coding
ENSG00000147118,ZNF182,47974851,48004375,X,protein_coding
ENSG00000158526,TSR2,54440402,54448032,X,protein_coding
ENSG00000182916,TCEAL7,103330178,103332326,X,protein_coding
ENSG00000185973,TMLHE,155488606,155719107,X,protein_coding
ENSG00000268104,SLC6A14,116436606,116461458,X,protein_coding
ENSG00000068394,GPKOW,49113396,49123746,X,protein_coding
ENSG00000176896,TCEANC,13653078,13681964,X,protein_coding
ENSG00000147100,SLC16A2,74421383,74533918,X,protein_coding
ENSG00000175556,LONRF3,118974614,119022925,X,protein_coding
ENSG00000197565,COL4A6,108155607,108439497,X,protein_coding
ENSG00000102409,BEX4,103215068,103217246,X,protein_coding
ENSG00000077279,DCX,111293779,111412429,X,protein_coding
ENSG00000155622,XAGE2,52368577,52375680,X,protein_coding
ENSG00000147041,SYTL5,38006515,38128819,X,protein_coding
ENSG00000183690,EFHC2,44146255,44343850,X,protein_coding
ENSG00000069535,MAOB,43766400,43882559,X,protein_coding
ENSG00000101911,PRPS2,12791355,12824223,X,protein_coding
ENSG00000101846,STS,7147237,7804358,X,protein_coding
ENSG00000130021,PUDP,6667865,7148165,X,protein_coding
ENSG00000171155,C1GALT1C1,120625674,120630054,X,protein_coding
ENSG00000131171,SH3BGRL,81202005,81298547,X,protein_coding
ENSG00000123570,RAB9B,103822327,103835153,X,protein_coding
ENSG00000187243,MAGED4B,52061827,52069272,X,protein_coding
ENSG00000203879,GDI1,154436600,154443467,X,protein_coding
ENSG00000169249,ZRSR2,15790106,15830694,X,protein_coding
ENSG00000126947,ARMCX1,101550411,101554704,X,protein_coding
ENSG00000185291,IL3RA,1335025,1382689,X,protein_coding
ENSG00000172465,TCEAL1,103628701,103630958,X,protein_coding
ENSG00000157502,PWWP3B,106168304,106208963,X,protein_coding
ENSG00000196924,FLNA,154348524,154374638,X,protein_coding
ENSG00000165192,ASB11,15281697,15315640,X,protein_coding
ENSG00000179542,SLITRK4,143622790,143636101,X,protein_coding
ENSG00000198689,SLC9A6,135973841,136047269,X,protein_coding
ENSG00000131724,IL13RA1,118727133,118794535,X,protein_coding
ENSG00000102125,TAFAZZIN,154409456,154421726,X,protein_coding
ENSG00000046647,GEMIN8,13998099,14029928,X,protein_coding
ENSG00000013563,DNASE1L1,154401236,154412114,X,protein_coding
ENSG00000089682,RBM41,107052095,107118823,X,protein_coding
ENSG00000102312,PORCN,48508574,48520814,X,protein_coding
ENSG00000102103,PQBP1,48890197,48903640,X,protein_coding
ENSG00000000003,TSPAN6,100627108,100639991,X,protein_coding
ENSG00000166432,ZMAT1,101882288,101932090,X,protein_coding
ENSG00000133131,MORC4,106813871,107000254,X,protein_coding
ENSG00000198157,HMGN5,81112915,81202016,X,protein_coding
ENSG00000197779,ZNF81,47836471,48002561,X,protein_coding
ENSG00000147251,DOCK11,118495814,118686974,X,protein_coding
ENSG00000188706,ZDHHC9,129803288,129844215,X,protein_coding
ENSG00000185985,SLITRK2,145817819,145829856,X,protein_coding
ENSG00000147255,IGSF1,131273506,131578899,X,protein_coding
ENSG00000197620,EOLA1,149536605,149550510,X,protein_coding
ENSG00000184205,TSPYL2,53082326,53088541,X,protein_coding
ENSG00000101882,NKAP,119920672,119943751,X,protein_coding
ENSG00000178605,GTPBP6,303346,318846,X,protein_coding
ENSG00000094841,UPRT,75156388,75304885,X,protein_coding
ENSG00000169100,SLC25A6,1386133,1392929,X,protein_coding
ENSG00000182872,RBM10,47144284,47186814,X,protein_coding
ENSG00000147050,KDM6A,44873130,45112779,X,protein_coding
ENSG00000169093,ASMTL,1403138,1453786,X,protein_coding
ENSG00000101951,PAGE4,49793653,49834264,X,protein_coding
ENSG00000189221,MAOA,43654907,43746821,X,protein_coding
ENSG00000189186,DCAF8L2,27590281,27749942,X,protein_coding
ENSG00000120509,PDZD11,70281118,70290596,X,protein_coding
ENSG00000046651,OFD1,13734675,13777955,X,protein_coding
ENSG00000102109,PCSK1N,48831088,48835632,X,protein_coding
ENSG00000013619,MAMLD1,150361422,150514178,X,protein_coding
ENSG00000102054,RBBP7,16839283,16870372,X,protein_coding
ENSG00000269335,IKBKG,154541179,154565047,X,protein_coding
ENSG00000160211,G6PD,154517825,154547584,X,protein_coding
ENSG00000165168,CYBB,37780018,37816994,X,protein_coding
ENSG00000102383,ZDHHC15,75368427,75523502,X,protein_coding
ENSG00000147124,ZNF41,47444693,47483247,X,protein_coding
ENSG00000102003,SYP,49187807,49200218,X,protein_coding
ENSG00000122145,TBX22,80014753,80031908,X,protein_coding
ENSG00000185825,BCAP31,153698006,153725957,X,protein_coding
ENSG00000155659,VSIG4,66021738,66040125,X,protein_coding
ENSG00000169895,SYAP1,16719545,16765340,X,protein_coding
ENSG00000157399,ARSL,2934045,2968475,X,protein_coding
ENSG00000089820,ARHGAP4,153907367,153934999,X,protein_coding
ENSG00000101986,ABCD1,153724495,153744755,X,protein_coding
ENSG00000067445,TRO,54920462,54931436,X,protein_coding
ENSG00000147155,EBP,48521089,48528716,X,protein_coding
ENSG00000198223,CSF2RA,1268779,1325373,X,protein_coding
ENSG00000184831,APOO,23833353,23908070,X,protein_coding
ENSG00000180879,SSR4,153793516,153798505,X,protein_coding
ENSG00000147383,NSDHL,152830967,152869729,X,protein_coding
ENSG00000126767,ELK1,47631621,47650604,X,protein_coding
ENSG00000101955,SRPX,38149336,38220941,X,protein_coding
ENSG00000102024,PLS3,115560928,115650861,X,protein_coding
ENSG00000165704,HPRT1,134460155,134520513,X,protein_coding
ENSG00000184368,MAP7D2,20006713,20117065,X,protein_coding
ENSG00000102226,USP11,47232866,47248328,X,protein_coding
ENSG00000101849,TBL1X,9463258,9741037,X,protein_coding
ENSG00000080572,DNAAF6,107206611,107244247,X,protein_coding
ENSG00000147166,ITGB1BP2,71301747,71305371,X,protein_coding
ENSG00000147010,SH3KBP1,19533977,19887650,X,protein_coding
ENSG00000125675,GRIA3,123184023,123490915,X,protein_coding
ENSG00000134594,RAB33A,130171950,130184874,X,protein_coding
ENSG00000123562,MORF4L2,103675360,103688158,X,protein_coding
ENSG00000102225,CDK16,47217860,47230000,X,protein_coding
ENSG00000180772,AGTR2,116170744,116174974,X,protein_coding
ENSG00000184867,ARMCX2,101655157,101659924,X,protein_coding
ENSG00000173698,ADGRG2,18989307,19122956,X,protein_coding
ENSG00000155959,VBP1,155197007,155239841,X,protein_coding
ENSG00000197976,AKAP17A,1591604,1602532,X,protein_coding
ENSG00000185753,CXorf38,40626921,40647569,X,protein_coding
ENSG00000182492,BGN,153488654,153510299,X,protein_coding
ENSG00000124486,USP9X,41085431,41236579,X,protein_coding
ENSG00000130741,EIF2S3,24054911,24078810,X,protein_coding
ENSG00000187325,TAF9B,78129748,78139688,X,protein_coding
ENSG00000001497,LAS1L,65438549,65534818,X,protein_coding
ENSG00000174010,KLHL15,23983716,24027186,X,protein_coding
ENSG00000101868,POLA1,24693864,24996986,X,protein_coding
ENSG00000147180,ZNF711,85243839,85273422,X,protein_coding
ENSG00000165591,FAAH2,57286632,57490641,X,protein_coding
ENSG00000182220,ATP6AP2,40579372,40606848,X,protein_coding
